,nickname,region,rank,rank_rr,rank_rating,level,match,playtime_hours,damage_round,kill_death_ratio,headshot_rate,winrate,win,kast,damage_roun,kills,death,assist,acs,kad_ratio,kill_round_ratio,first_blood,flawless_round,aces,round_win,agent1,agent1_hours,matches1,win_rate1,k/d1,adr1,acs1,average_ddealt_round1,best_map1,map1_wr,agent2,agent2_hours,matches2,win_rate2,k/d2,adr2,acs2,average_ddealt_round2,best_map2,map2_wr,agent3,agent3_hours,matches3,win_rate3,k/d3,adr3,acs3,average_ddealt_round3,best_map3,map3_wr,role1,win_rate1.1,win_lose1,kda_rate1,kda1,role2,win_rate2.1,win_lose2,kda_rate2,kda2,role3,win_rate3.1,win_lose3,kda_rate3,kda3,role4,win_rate4,win_lose4,kda_rate4,kda4,weapon_name1,weapon_type1,head_rate1,body_rate1,legs_rate1,kills1,weapon_name2,weapon_type2,head_rate2,body_rate2,legs_rate2,kills2,weapon_name3,weapon_type3,head_rate3,body_rate3,legs_rate3,kills3,map_name1,win_rate1.2,win_lose1.1,map_name2,win_rate2.2,win_lose2.1,map_name3,win_rate3.2,win_lose3.1,map_name4,win_rate4.1,win_lose4.1,map_name5,win_rate5,win_lose5,map_name6,win_rate6,win_lose6,map_name7,win_rate7,win_lose7
0,Precomp#Nest,ap,Silver 2,2.0,,61.0,56.0,34.0,123.5,0.94,14.2,46.4,26.0,75.1,5.0,795.0,845.0,380.0,187.4,1.39,0.7,60.0,39.0,0.0,49.4,Clove,13.0,21.0,28.6,0.91,126.3,193.0,11.0,Fracture,75.0,Tejo,8.4,13.0,69.2,0.95,119.5,181.3,5.0,Bind,100.0,Fade,6.4,11.0,36.4,0.93,117.8,180.6,4.0,Pearl,25.0,Controller,34.6,9.16,1.35,390 / 423 / 183,Initiator,54.2,13.11,1.44,331 / 353 / 178,Sentinel,100.0,1.0,1.23,13 / 13 / 3,Duelist,60.0,3.2,1.38,61 / 56 / 16,Phantom,Assault Rifles,22.0,69.0,9.0,345.0,Vandal,Assault Rifles,21.0,70.0,9.0,167.0,Ghost,Sidearms,23.0,69.0,8.0,83.0,Haven,66.7,4.2,Abyss,60.0,6.4,Fracture,57.1,4.3,Lotus,50.0,3.3,Bind,44.4,4.4,Split,30.0,3.7,Pearl,25.0,2.6
1,Kuronaã‚·#biru,ap,Silver 2,2.0,,35.0,36.0,19.0,177.3,1.23,19.4,41.7,15.0,71.2,20.0,717.0,582.0,167.0,278.9,1.52,1.0,134.0,26.0,5.0,48.4,Jett,10.0,19.0,36.8,1.21,178.5,279.1,23.0,Abyss,20.0,Reyna,7.1,13.0,61.5,1.4,184.4,288.1,31.0,Lotus,67.0,Clove,1.3,2.0,0.0,0.95,164.0,271.1,8.0,Pearl,0.0,Controller,0.0,0.2,1.26,40 / 42 / 13,Duelist,44.1,15.19,1.54,677 / 540 / 154,,,,,,,,,,,Vandal,Assault Rifles,27.0,67.0,6.0,378.0,Phantom,Assault Rifles,17.0,76.0,7.0,108.0,Frenzy,Sidearms,30.0,66.0,5.0,38.0,Split,80.0,4.1,Haven,60.0,3.2,Lotus,50.0,2.2,Bind,42.9,3.4,Pearl,33.3,2.4,Abyss,20.0,1.4,Fracture,0.0,0.4
2,Caussler#1867,ap,Silver 1,1.0,,41.0,15.0,8.3,169.7,1.12,15.6,53.3,8.0,71.6,21.0,272.0,242.0,77.0,255.1,1.44,0.8,32.0,16.0,2.0,51.6,Jett,4.8,9.0,55.6,1.08,185.3,276.4,27.0,Fracture,100.0,Reyna,0.7,1.0,100.0,1.19,171.3,260.0,33.0,Pearl,100.0,KAY/O,0.4,1.0,100.0,3.71,223.5,350.2,120.0,Split,100.0,Duelist,63.6,7.4,1.35,204 / 190 / 52,Initiator,50.0,1.1,2.36,41 / 22 / 11,Controller,0.0,0.2,1.37,27 / 30 / 14,,,,,,Vandal,Assault Rifles,23.0,69.0,8.0,188.0,Phantom,Assault Rifles,17.0,80.0,3.0,21.0,Frenzy,Sidearms,34.0,63.0,3.0,14.0,Fracture,100.0,3.0,Split,100.0,1.0,Pearl,50.0,1.1,Bind,50.0,1.1,Lotus,33.3,1.2,Abyss,33.3,1.2,Haven,0.0,0.1
3,pusi hunter#5210,ap,Bronze 1,1.0,,39.0,127.0,72.0,146.2,1.0,15.5,48.0,61.0,68.0,16.0,2007.0,2012.0,561.0,222.4,1.28,0.8,378.0,84.0,3.0,48.3,Yoru,18.0,33.0,51.5,1.06,145.4,224.5,25.0,Lotus,71.0,Chamber,10.0,21.0,33.3,0.92,138.6,216.9,2.0,Fracture,60.0,Omen,7.6,13.0,84.6,0.98,140.7,208.3,9.0,Split,100.0,Initiator,26.7,4.1,1.32,246 / 254 / 89,Controller,80.0,16.4,1.38,314 / 302 / 103,Sentinel,35.7,10.18,1.19,404 / 435 / 112,Duelist,48.4,31.33,1.27,"1,043 / 1,021 / 257",Vandal,Assault Rifles,22.0,73.0,6.0,1138.0,Phantom,Assault Rifles,19.0,73.0,7.0,130.0,Spectre,SMGs,18.0,74.0,8.0,97.0,Lotus,70.6,12.5,Haven,63.2,12.7,Pearl,55.0,11.9,Fracture,52.6,10.9,Abyss,44.4,8.1,Split,40.0,6.9,Bind,10.5,2.16
4,Turjo#4657,ap,Bronze 1,1.0,,63.0,233.0,136.0,131.4,0.95,11.0,47.2,110.0,69.0,12.0,3414.0,3590.0,1124.0,209.8,1.26,0.7,480.0,152.0,2.0,49.1,Reyna,58.0,100.0,43.0,1.07,146.5,235.0,1.0,Fracture,56.0,Tejo,27.0,47.0,46.8,0.95,129.7,207.5,10.0,Haven,67.0,Gekko,11.0,19.0,42.1,0.92,122.0,199.0,18.0,Abyss,60.0,Duelist,44.5,53.66,1.31,"1,835 / 1,834 / 575",Initiator,50.0,44.43,1.23,"1,238 / 1,363 / 435",Sentinel,42.9,6.8,1.11,162 / 200 / 60,Controller,58.3,7.4,1.21,179 / 193 / 54,Phantom,Assault Rifles,15.0,70.0,16.0,782.0,Ares,Heavy Weapons,11.0,70.0,19.0,634.0,Vandal,Assault Rifles,17.0,70.0,13.0,552.0,Haven,51.5,17.16,Split,51.5,17.16,Fracture,51.4,18.17,Abyss,50.0,15.14,Lotus,45.9,17.2,Pearl,41.4,12.16,Bind,38.9,14.22
5,Botak Kecubung#JANG,ap,Gold 1,1.0,,160.0,84.0,47.0,123.1,0.81,19.7,48.8,41.0,67.8,21.0,1105.0,1372.0,491.0,186.6,1.16,0.6,146.0,54.0,1.0,49.5,Reyna,11.0,20.0,50.0,0.91,137.8,212.1,12.0,Lotus,100.0,Clove,9.1,16.0,25.0,0.66,116.7,177.7,44.0,Abyss,33.0,Tejo,5.0,9.0,44.4,0.8,113.0,175.9,31.0,Abyss,100.0,Duelist,61.3,19.12,1.31,484 / 492 / 162,Initiator,38.9,7.11,1.2,230 / 295 / 123,Sentinel,56.3,9.7,0.93,175 / 243 / 51,Controller,31.6,6.13,1.08,216 / 342 / 155,Vandal,Assault Rifles,31.0,64.0,5.0,415.0,Phantom,Assault Rifles,29.0,67.0,4.0,249.0,Ghost,Sidearms,39.0,58.0,2.0,100.0,Fracture,57.1,8.6,Lotus,53.8,7.6,Bind,50.0,5.5,Haven,50.0,7.7,Abyss,46.2,6.7,Pearl,45.5,5.6,Split,33.3,3.6
6,cinnamint#roll,ap,Silver 3,3.0,,175.0,48.0,27.0,157.7,1.17,26.0,56.2,27.0,72.2,19.0,873.0,745.0,271.0,242.3,1.54,0.9,113.0,37.0,3.0,52.0,Deadlock,5.9,10.0,70.0,1.31,162.0,246.7,32.0,Bind,100.0,Cypher,2.7,6.0,16.7,1.1,137.6,225.0,2.0,Fracture,33.0,Clove,3.1,6.0,83.3,1.21,168.7,257.5,14.0,Haven,100.0,Duelist,53.8,7.6,1.54,269 / 219 / 68,Initiator,53.8,7.6,1.45,212 / 207 / 89,Sentinel,50.0,8.8,1.57,282 / 228 / 76,Controller,83.3,5.1,1.63,110 / 91 / 38,Vandal,Assault Rifles,40.0,55.0,5.0,318.0,Phantom,Assault Rifles,29.0,66.0,5.0,227.0,Sheriff,Sidearms,46.0,54.0,0.0,60.0,Lotus,100.0,5.0,Bind,70.0,7.3,Haven,66.7,6.3,Abyss,50.0,2.2,Fracture,44.4,4.5,Pearl,33.3,1.2,Split,25.0,2.6
7,TFRxTuShaR#8212,ap,Bronze 3,3.0,,181.0,25.0,15.0,131.0,0.94,14.5,48.0,12.0,66.9,9.0,370.0,393.0,106.0,198.5,1.21,0.7,53.0,14.0,0.0,50.3,Reyna,8.6,14.0,71.4,1.03,145.4,222.6,2.0,Split,100.0,Chamber,3.9,6.0,16.7,0.99,129.3,194.9,2.0,Lotus,33.0,Brimstone,1.1,2.0,0.0,0.41,84.3,121.7,51.0,Bind,0.0,Initiator,100.0,1.0,2.29,13 / 7 / 3,Duelist,71.4,10.4,1.33,229 / 222 / 67,Sentinel,14.3,1.5,1.06,103 / 113 / 17,Controller,0.0,0.3,0.86,25 / 51 / 19,Vandal,Assault Rifles,24.0,69.0,6.0,124.0,Phantom,Assault Rifles,18.0,76.0,6.0,116.0,Odin,Heavy Weapons,12.0,70.0,17.0,37.0,Bind,75.0,3.1,Split,75.0,3.1,Lotus,50.0,2.1,Abyss,50.0,1.1,Fracture,40.0,2.3,Haven,33.3,1.2,Pearl,0.0,0.3
8,Punda Mavane#fkyu,ap,Bronze 3,3.0,,69.0,144.0,82.0,139.0,0.95,11.2,48.6,70.0,71.7,2.0,2068.0,2173.0,774.0,207.8,1.31,0.7,204.0,101.0,2.0,48.4,Iso,40.0,71.0,50.7,1.05,152.5,227.5,11.0,Abyss,62.0,KAY/O,14.0,25.0,40.0,0.75,123.3,184.7,21.0,Abyss,43.0,Tejo,11.0,20.0,60.0,1.03,135.6,203.0,4.0,Fracture,80.0,Duelist,48.2,40.42,1.32,"1,287 / 1,261 / 379",Sentinel,57.1,4.3,1.39,71 / 79 / 39,Controller,75.0,3.1,1.31,50 / 61 / 30,Initiator,46.0,23.27,1.28,660 / 772 / 326,Vandal,Assault Rifles,17.0,74.0,9.0,1163.0,Phantom,Assault Rifles,15.0,74.0,11.0,360.0,Ghost,Sidearms,13.0,79.0,8.0,177.0,Fracture,68.4,13.6,Haven,58.8,10.7,Abyss,47.8,11.12,Lotus,47.6,10.11,Bind,45.8,11.13,Split,38.1,8.13,Pearl,36.8,7.11
9,Chaty#2003,ap,,,,,,,,,,,,,,,,,,,,,,,,,,,,,,,,,,,,,,,,,,,,,,,,,,,,,,,,,,,,,,,,,,,,,,,,,,,,,,,,,,,,,,,,,,,,,,,,,,,,,,,,,,,,,,,,
10,rania#ezzzz,ap,Gold 3,3.0,,176.0,43.0,23.0,158.0,1.11,19.9,48.8,21.0,70.9,13.0,761.0,686.0,205.0,243.3,1.41,0.8,109.0,32.0,3.0,51.9,Jett,9.7,18.0,33.3,1.14,161.3,253.5,14.0,Pearl,100.0,Reyna,2.7,5.0,80.0,1.33,177.5,275.3,28.0,Pearl,100.0,Omen,2.1,4.0,100.0,1.32,179.3,271.1,52.0,Haven,100.0,Initiator,16.7,1.5,1.25,95 / 103 / 34,Duelist,42.3,11.13,1.44,501 / 420 / 104,Controller,83.3,5.1,1.6,93 / 85 / 43,Sentinel,80.0,4.1,1.23,72 / 78 / 24,Vandal,Assault Rifles,23.0,71.0,5.0,469.0,Ghost,Sidearms,41.0,57.0,2.0,54.0,Phantom,Assault Rifles,26.0,68.0,6.0,53.0,Pearl,100.0,5.0,Lotus,83.3,5.1,Abyss,57.1,4.3,Fracture,37.5,3.5,Bind,33.3,1.2,Haven,33.3,2.3,Split,12.5,1.6
11,Seaweed Taro#1419,ap,Bronze 2,2.0,,225.0,61.0,35.0,105.2,0.77,14.8,45.9,28.0,69.0,32.0,694.0,903.0,385.0,159.6,1.19,0.5,63.0,53.0,0.0,49.1,Gekko,13.0,22.0,63.6,0.82,99.2,152.3,29.0,Lotus,100.0,Brimstone,7.3,12.0,33.3,0.66,100.3,152.3,38.0,Split,67.0,Reyna,6.3,12.0,33.3,0.85,127.3,189.2,24.0,Fracture,33.0,Controller,28.6,4.9,1.22,146 / 229 / 133,Initiator,59.3,16.9,1.17,299 / 395 / 162,Sentinel,50.0,4.4,1.4,101 / 104 / 45,Duelist,33.3,4.8,1.1,148 / 175 / 45,Phantom,Assault Rifles,22.0,70.0,8.0,284.0,Spectre,SMGs,19.0,73.0,8.0,242.0,Classic,Sidearms,21.0,78.0,2.0,62.0,Split,83.3,5.1,Lotus,54.5,6.5,Abyss,44.4,4.5,Pearl,40.0,4.5,Haven,40.0,2.3,Fracture,36.4,4.7,Bind,33.3,3.4
12,Pochitaa#0069,ap,Gold 1,1.0,,278.0,138.0,84.0,132.1,1.03,11.8,46.4,64.0,70.3,5.0,2173.0,2116.0,657.0,209.0,1.34,0.7,265.0,105.0,2.0,49.5,Chamber,25.0,41.0,43.9,1.1,130.7,207.5,1.0,Abyss,70.0,Omen,18.0,31.0,41.9,1.01,130.9,207.5,3.0,Split,67.0,Reyna,15.0,24.0,50.0,1.06,147.6,229.8,3.0,Lotus,67.0,Sentinel,45.5,20.22,1.28,696 / 650 / 139,Duelist,48.8,21.2,1.39,720 / 701 / 254,Initiator,56.3,9.7,1.29,210 / 226 / 82,Controller,40.0,14.19,1.35,547 / 539 / 182,Odin,Heavy Weapons,8.0,77.0,15.0,513.0,Phantom,Assault Rifles,17.0,76.0,8.0,396.0,Vandal,Assault Rifles,20.0,70.0,9.0,252.0,Split,63.2,12.7,Lotus,61.9,13.8,Abyss,57.9,11.7,Haven,47.4,9.1,Bind,40.0,8.12,Fracture,30.0,6.13,Pearl,25.0,5.11
13,Kii#1305,ap,Gold 1,1.0,,64.0,99.0,55.0,142.3,1.07,17.3,49.5,49.0,72.6,7.0,1567.0,1471.0,493.0,218.6,1.4,0.8,175.0,68.0,0.0,51.7,Clove,10.0,19.0,47.4,1.08,151.1,235.7,5.0,Haven,75.0,Jett,8.1,14.0,50.0,0.99,134.5,208.3,1.0,Split,75.0,Neon,4.4,9.0,66.7,1.1,146.4,234.1,9.0,Fracture,25.0,Controller,53.8,14.12,1.54,456 / 393 / 149,Initiator,47.1,8.9,1.44,234 / 241 / 113,Duelist,45.2,19.22,1.28,656 / 635 / 158,Sentinel,57.1,8.6,1.46,221 / 202 / 73,Vandal,Assault Rifles,26.0,69.0,4.0,783.0,Phantom,Assault Rifles,17.0,74.0,9.0,211.0,Spectre,SMGs,14.0,75.0,11.0,128.0,Bind,64.3,9.5,Haven,63.6,7.4,Abyss,60.0,9.6,Lotus,53.3,8.7,Split,47.1,8.9,Fracture,38.5,5.8,Pearl,21.4,3.1
14,Ak1ra#8970,ap,,,,,,,,,,,,,,,,,,,,,,,,,,,,,,,,,,,,,,,,,,,,,,,,,,,,,,,,,,,,,,,,,,,,,,,,,,,,,,,,,,,,,,,,,,,,,,,,,,,,,,,,,,,,,,,,
15,Angxlo#6969,ap,Platinum 1,1.0,,323.0,65.0,36.0,162.2,1.18,26.9,47.7,31.0,72.3,21.0,1173.0,998.0,327.0,246.2,1.5,0.9,139.0,36.0,3.0,49.6,Jett,11.0,21.0,57.1,1.47,193.1,303.9,53.0,Abyss,75.0,Reyna,7.9,15.0,46.7,1.0,135.2,199.4,0.0,Pearl,67.0,Clove,3.9,7.0,57.1,1.27,184.5,279.0,29.0,Lotus,100.0,Initiator,40.0,4.5,1.65,195 / 172 / 88,Sentinel,40.0,4.6,1.29,128 / 147 / 61,Duelist,50.0,19.19,1.49,689 / 552 / 134,Controller,57.1,4.3,1.61,161 / 127 / 44,Vandal,Assault Rifles,34.0,63.0,3.0,772.0,Sheriff,Sidearms,52.0,48.0,0.0,110.0,Ghost,Sidearms,44.0,53.0,3.0,106.0,Lotus,75.0,6.2,Split,55.6,5.3,Fracture,50.0,3.3,Pearl,50.0,5.5,Abyss,44.4,4.5,Haven,38.5,5.8,Bind,30.0,3.7
16,IMX malik#IMX,ap,Iron 3,3.0,,130.0,8.0,5.5,136.8,0.99,20.4,,1.0,70.6,6.0,139.0,141.0,60.0,216.3,1.41,0.7,21.0,6.0,0.0,44.4,Gekko,1.9,3.0,0.0,0.73,119.1,184.0,33.0,Haven,0.0,Fade,1.9,3.0,33.3,0.81,107.1,160.6,19.0,Lotus,0.0,Reyna,0.8,1.0,0.0,2.2,239.9,419.2,107.0,Bind,0.0,Initiator,16.7,1.5,1.24,77 / 100 / 47,Duelist,0.0,0.1,2.4,44 / 20 / 4,Controller,0.0,0.1,1.29,18 / 21 / 9,,,,,,Vandal,Assault Rifles,31.0,68.0,1.0,74.0,Operator,Sniper Rifles,8.0,92.0,0.0,13.0,Bulldog,Assault Rifles,30.0,70.0,0.0,10.0,Pearl,100.0,1.0,Lotus,0.0,0.2,Haven,0.0,0.2,Bind,0.0,0.1,Abyss,0.0,0.1,Fracture,0.0,0.1,,,
17,AGR ARIKOMBAN#AGR,ap,Unranked,,,59.0,4.0,2.1,176.2,1.42,26.8,50.0,2.0,71.1,37.0,85.0,60.0,11.0,290.9,1.6,1.0,19.0,4.0,0.0,45.8,Jett,1.6,3.0,66.7,1.5,187.2,302.9,54.0,Split,100.0,Yoru,0.4,1.0,0.0,1.14,136.2,247.8,24.0,Haven,0.0,,,,,,,,,,,Duelist,50.0,2.2,1.6,85 / 60 / 11,,,,,,,,,,,,,,,,Vandal,Assault Rifles,43.0,51.0,6.0,35.0,Phantom,Assault Rifles,33.0,56.0,11.0,9.0,Sheriff,Sidearms,55.0,45.0,0.0,8.0,Split,100.0,1.0,Bind,100.0,1.0,Haven,0.0,0.1,Abyss,0.0,0.1,,,,,,,,,
18,Lunalightt#shine,ap,,,,,,,,,,,,,,,,,,,,,,,,,,,,,,,,,,,,,,,,,,,,,,,,,,,,,,,,,,,,,,,,,,,,,,,,,,,,,,,,,,,,,,,,,,,,,,,,,,,,,,,,,,,,,,,,
19,SilentFlame#3105,ap,Iron 1,1.0,,32.0,54.0,30.0,112.2,0.73,14.7,37.0,20.0,59.3,27.0,619.0,850.0,180.0,170.1,0.94,0.6,140.0,27.0,0.0,45.8,Reyna,16.0,28.0,50.0,0.83,124.7,190.0,20.0,Fracture,80.0,Jett,13.0,26.0,23.1,0.61,97.3,146.2,34.0,Fracture,33.0,,,,,,,,,,,Duelist,37.0,20.34,0.94,619 / 850 / 180,,,,,,,,,,,,,,,,Vandal,Assault Rifles,23.0,68.0,9.0,326.0,Bulldog,Assault Rifles,18.0,68.0,13.0,92.0,Ghost,Sidearms,26.0,67.0,7.0,58.0,Haven,57.1,4.3,Fracture,54.5,6.5,Bind,42.9,3.4,Pearl,40.0,2.3,Abyss,22.2,2.7,Lotus,22.2,2.7,Split,16.7,1.5
20,HirakoShinji0#00000,ap,Bronze 1,1.0,,133.0,50.0,30.0,151.3,0.95,15.2,36.0,18.0,72.4,1.0,840.0,881.0,314.0,234.1,1.31,0.8,136.0,30.0,2.0,46.4,Clove,12.0,21.0,38.1,1.04,165.9,262.4,9.0,Haven,50.0,Raze,6.8,11.0,45.5,0.99,170.6,256.1,25.0,Split,100.0,Sage,5.9,10.0,20.0,0.87,129.7,197.9,22.0,Abyss,33.0,Duelist,45.5,5.6,1.32,199 / 201 / 66,Sentinel,33.3,4.7,1.27,171 / 195 / 77,Controller,33.3,9.17,1.32,470 / 485 / 171,,,,,,Vandal,Assault Rifles,22.0,72.0,5.0,486.0,Spectre,SMGs,16.0,77.0,7.0,88.0,Ghost,Sidearms,30.0,64.0,6.0,80.0,Haven,55.6,5.4,Split,55.6,5.4,Bind,40.0,2.2,Abyss,33.3,2.3,Pearl,33.3,2.4,Lotus,16.7,1.5,Fracture,11.1,1.8
21,MiellaSpacey#ren,ap,Silver 1,1.0,,477.0,46.0,26.0,101.2,0.65,20.0,54.3,25.0,65.7,45.0,503.0,773.0,230.0,152.8,0.95,0.5,63.0,30.0,0.0,50.1,Clove,8.4,14.0,42.9,0.61,112.8,170.6,51.0,Pearl,67.0,Gekko,4.2,7.0,85.7,0.78,103.0,162.9,33.0,Split,100.0,Chamber,2.4,5.0,60.0,0.86,122.6,182.4,20.0,Bind,100.0,Controller,40.0,6.9,0.9,176 / 290 / 84,Initiator,78.6,11.2,1.09,150 / 213 / 83,Sentinel,50.0,5.5,0.85,93 / 156 / 39,Duelist,42.9,3.4,0.95,84 / 114 / 24,Vandal,Assault Rifles,29.0,68.0,4.0,177.0,Phantom,Assault Rifles,24.0,67.0,9.0,122.0,Classic,Sidearms,35.0,61.0,4.0,41.0,Pearl,70.0,7.3,Haven,57.1,4.3,Bind,57.1,4.2,Split,50.0,3.3,Lotus,50.0,3.3,Fracture,42.9,3.4,Abyss,33.3,1.2
22,wildghost#7266,ap,Silver 1,1.0,,87.0,27.0,16.0,138.7,1.04,20.1,37.0,10.0,72.0,6.0,427.0,409.0,125.0,213.9,1.35,0.8,47.0,14.0,1.0,46.1,Vyse,7.9,13.0,53.8,1.1,136.8,208.3,15.0,Lotus,80.0,Omen,2.0,3.0,33.3,1.23,140.2,228.8,2.0,Fracture,100.0,Killjoy,1.7,3.0,33.3,0.98,145.8,221.4,1.0,Pearl,50.0,Controller,25.0,1.2,1.48,68 / 61 / 22,Sentinel,44.4,8.1,1.41,286 / 266 / 89,Duelist,33.3,1.2,0.92,40 / 50 / 6,Initiator,0.0,0.2,1.28,33 / 32 / 8,Phantom,Assault Rifles,31.0,65.0,4.0,147.0,Vandal,Assault Rifles,31.0,63.0,6.0,85.0,Spectre,SMGs,22.0,73.0,5.0,64.0,Lotus,83.3,5.1,Pearl,40.0,2.3,Fracture,33.3,1.2,Split,33.3,1.2,Abyss,25.0,1.3,Haven,0.0,0.3,Bind,0.0,0.2
23,PhotonZR#PHN,ap,Silver 2,2.0,,73.0,13.0,8.2,182.0,1.48,16.1,53.8,7.0,75.4,58.0,288.0,194.0,76.0,284.8,1.88,1.0,37.0,9.0,2.0,52.6,Cypher,1.3,2.0,100.0,2.76,229.6,349.9,138.0,Haven,100.0,Raze,1.3,2.0,0.0,1.36,203.4,321.0,64.0,Split,0.0,Neon,0.7,1.0,0.0,0.81,153.7,228.0,1.0,Lotus,0.0,Duelist,40.0,2.1,1.63,126 / 91 / 22,Initiator,66.7,2.1,1.84,48 / 37 / 20,Sentinel,66.7,2.1,2.77,76 / 35 / 21,Controller,50.0,1.1,1.65,38 / 31 / 13,Vandal,Assault Rifles,23.0,69.0,9.0,134.0,Operator,Sniper Rifles,9.0,91.0,0.0,35.0,Ghost,Sidearms,20.0,69.0,11.0,25.0,Fracture,100.0,1.0,Haven,100.0,2.0,Lotus,75.0,3.0,Abyss,33.3,1.2,Pearl,0.0,0.1,Split,0.0,0.1,,,
24,shirobtw#reiii,ap,Silver 3,3.0,,171.0,15.0,8.3,196.7,1.64,31.4,46.7,7.0,80.9,70.0,340.0,207.0,59.0,301.8,1.93,1.1,24.0,9.0,2.0,50.2,Fade,2.2,4.0,50.0,2.34,214.1,333.1,106.0,Bind,33.0,Jett,1.3,2.0,100.0,1.74,220.9,329.8,82.0,Haven,100.0,Raze,1.0,2.0,0.0,1.18,168.8,261.1,15.0,Fracture,0.0,Duelist,57.1,4.3,1.66,155 / 104 / 18,Sentinel,50.0,1.1,1.61,44 / 31 / 6,Controller,0.0,0.1,1.8,24 / 15 / 3,Initiator,40.0,2.3,2.61,117 / 57 / 32,Vandal,Assault Rifles,49.0,50.0,2.0,146.0,Phantom,Assault Rifles,40.0,57.0,3.0,44.0,Ghost,Sidearms,47.0,49.0,4.0,44.0,Split,100.0,1.0,Haven,100.0,3.0,Lotus,50.0,1.1,Fracture,33.3,1.2,Bind,33.3,1.2,Pearl,0.0,0.2,Abyss,0.0,0.1
25,Giri#6080,ap,Iron 3,3.0,,77.0,100.0,57.0,105.0,0.69,13.5,41.0,41.0,64.8,36.0,1087.0,1568.0,503.0,157.4,1.01,0.5,133.0,73.0,0.0,47.7,Reyna,12.0,20.0,35.0,0.74,112.3,169.9,35.0,Split,100.0,Breach,9.2,18.0,50.0,0.65,94.0,146.8,46.0,Pearl,60.0,Sage,6.1,11.0,63.6,0.63,91.1,136.1,50.0,Split,60.0,Duelist,32.4,11.21,1.02,413 / 573 / 171,Sentinel,40.0,12.18,0.96,285 / 444 / 140,Initiator,46.2,12.13,0.99,245 / 377 / 127,Controller,60.0,6.3,1.2,144 / 174 / 65,Vandal,Assault Rifles,21.0,68.0,11.0,518.0,Guardian,Assault Rifles,25.0,72.0,4.0,100.0,Spectre,SMGs,11.0,68.0,20.0,99.0,Pearl,53.3,8.7,Split,53.3,8.7,Haven,46.2,6.7,Fracture,41.7,5.7,Lotus,40.0,6.9,Abyss,33.3,5.8,Bind,20.0,3.1
26,NamaZ#0001,ap,Gold 1,1.0,,51.0,33.0,18.0,158.9,1.25,21.2,57.6,19.0,74.5,21.0,580.0,463.0,142.0,242.1,1.56,0.9,66.0,24.0,0.0,51.0,Tejo,6.6,12.0,66.7,1.43,173.8,263.4,40.0,Pearl,100.0,Chamber,2.9,5.0,80.0,1.46,160.5,252.2,32.0,Split,50.0,Clove,2.1,4.0,50.0,1.59,186.5,295.3,42.0,Lotus,50.0,Initiator,62.5,10.6,1.81,292 / 212 / 91,Sentinel,83.3,5.1,1.57,121 / 86 / 14,Controller,33.3,2.4,1.46,101 / 85 / 23,Duelist,40.0,2.3,1.0,66 / 80 / 14,Phantom,Assault Rifles,22.0,74.0,4.0,185.0,Vandal,Assault Rifles,32.0,63.0,4.0,133.0,Operator,Sniper Rifles,8.0,92.0,0.0,36.0,Abyss,80.0,4.1,Pearl,66.7,2.1,Fracture,66.7,4.2,Bind,60.0,3.2,Split,50.0,2.2,Lotus,40.0,2.3,Haven,40.0,2.3
27,Szy#jett,ap,Silver 3,3.0,,191.0,35.0,19.0,140.7,0.94,28.4,54.3,19.0,64.8,3.0,500.0,534.0,126.0,201.6,1.17,0.7,104.0,28.0,0.0,50.8,Jett,14.0,26.0,57.7,1.02,146.5,212.0,11.0,Lotus,60.0,Reyna,2.8,5.0,40.0,0.8,136.0,188.5,10.0,Fracture,100.0,Tejo,1.3,2.0,50.0,0.54,81.7,111.6,58.0,Pearl,100.0,Duelist,54.8,17.14,1.2,454 / 463 / 101,Initiator,33.3,1.2,0.98,32 / 54 / 21,Controller,100.0,1.0,1.06,14 / 17 / 4,,,,,,Vandal,Assault Rifles,45.0,53.0,3.0,280.0,Sheriff,Sidearms,44.0,56.0,0.0,47.0,Marshal,Sniper Rifles,56.0,40.0,4.0,44.0,Pearl,100.0,4.0,Fracture,83.3,5.1,Lotus,50.0,3.3,Bind,42.9,3.4,Split,40.0,2.3,Haven,33.3,1.2,Abyss,25.0,1.3
28,Naofumi#Ansh,ap,Silver 1,1.0,,196.0,137.0,82.0,146.1,1.03,20.5,51.1,70.0,71.5,7.0,2265.0,2195.0,868.0,224.5,1.43,0.8,330.0,99.0,4.0,50.4,Cypher,21.0,35.0,65.7,1.16,145.8,223.9,19.0,Haven,75.0,Sage,13.0,23.0,47.8,1.04,149.7,229.8,9.0,Lotus,63.0,Omen,12.0,21.0,38.1,0.99,140.0,221.9,1.0,Bind,67.0,Sentinel,57.7,41.29,1.44,"1,163 / 1,087 / 406",Initiator,47.1,8.9,1.35,256 / 274 / 113,Controller,43.6,17.22,1.44,688 / 679 / 288,Duelist,40.0,4.6,1.41,158 / 155 / 61,Vandal,Assault Rifles,32.0,62.0,6.0,820.0,Phantom,Assault Rifles,27.0,66.0,6.0,565.0,Classic,Sidearms,29.0,67.0,4.0,216.0,Bind,66.7,16.8,Pearl,60.0,12.8,Fracture,58.8,10.7,Haven,52.6,10.9,Lotus,45.5,10.11,Abyss,41.2,7.1,Split,27.8,5.13
29,PNV Bhim#POD,ap,Gold 1,1.0,,311.0,16.0,9.2,135.8,0.98,19.8,37.5,6.0,71.9,6.0,251.0,257.0,99.0,212.0,1.36,0.7,22.0,9.0,0.0,48.7,Gekko,5.8,10.0,40.0,1.03,138.9,214.7,2.0,Haven,50.0,Omen,2.4,4.0,25.0,0.92,134.2,211.3,14.0,Fracture,50.0,Breach,0.3,1.0,100.0,0.82,86.8,154.1,18.0,Fracture,100.0,Initiator,45.5,5.6,1.43,171 / 168 / 70,Controller,25.0,1.3,1.28,65 / 71 / 26,Sentinel,0.0,0.1,1.0,15 / 18 / 3,,,,,,Phantom,Assault Rifles,25.0,69.0,7.0,120.0,Vandal,Assault Rifles,33.0,63.0,3.0,59.0,Classic,Sidearms,31.0,65.0,4.0,28.0,Abyss,50.0,1.1,Haven,50.0,1.1,Bind,50.0,1.1,Lotus,50.0,1.1,Fracture,40.0,2.3,Split,0.0,0.2,Pearl,0.0,0.1
30,VKZ sour#Meow,ap,Silver 1,1.0,,253.0,62.0,36.0,143.5,1.11,22.2,46.8,29.0,71.1,11.0,975.0,876.0,268.0,222.4,1.42,0.8,135.0,47.0,0.0,48.9,Viper,6.0,11.0,45.5,1.15,148.1,235.2,18.0,Abyss,100.0,Astra,5.8,9.0,44.4,1.28,160.5,238.4,27.0,Pearl,50.0,Jett,4.5,8.0,37.5,0.9,123.5,186.5,7.0,Abyss,100.0,Duelist,48.1,13.14,1.43,427 / 371 / 104,Sentinel,50.0,2.2,1.29,56 / 52 / 11,Controller,40.0,10.15,1.4,392 / 355 / 105,Initiator,66.7,4.1,1.51,100 / 98 / 48,Phantom,Assault Rifles,27.0,67.0,6.0,434.0,Vandal,Assault Rifles,31.0,65.0,4.0,222.0,Ghost,Sidearms,39.0,58.0,4.0,78.0,Abyss,66.7,8.4,Bind,54.5,6.5,Pearl,50.0,3.3,Lotus,50.0,4.4,Split,42.9,3.4,Haven,37.5,3.4,Fracture,20.0,2.8
31,ElegantPros#BEAST,ap,Iron 2,2.0,,54.0,6.0,3.7,132.9,1.14,,83.3,5.0,69.8,0.0,96.0,84.0,36.0,213.4,1.57,0.7,14.0,6.0,0.0,58.1,Reyna,2.6,4.0,100.0,1.4,165.6,263.5,29.0,Fracture,100.0,Gekko,1.0,2.0,50.0,0.58,60.2,102.1,65.0,Abyss,50.0,,,,,,,,,,,Duelist,100.0,4.0,1.86,81 / 58 / 27,Initiator,50.0,1.1,0.92,15 / 26 / 9,,,,,,,,,,,Vandal,Assault Rifles,7.0,72.0,21.0,44.0,Odin,Heavy Weapons,6.0,70.0,24.0,22.0,Spectre,SMGs,11.0,80.0,9.0,8.0,Split,100.0,1.0,Bind,100.0,1.0,Fracture,100.0,1.0,Lotus,100.0,1.0,Abyss,50.0,1.1,,,,,,
32,DAKU#thane,ap,Gold 2,2.0,,183.0,25.0,14.0,163.5,1.28,23.5,64.0,16.0,72.0,26.0,483.0,377.0,121.0,260.1,1.6,0.9,102.0,24.0,1.0,55.2,Reyna,9.7,17.0,58.8,1.43,178.6,282.9,40.0,Split,100.0,Jett,0.9,2.0,50.0,1.03,135.7,217.2,0.0,Abyss,100.0,Raze,0.6,1.0,100.0,1.0,149.9,259.0,10.0,Lotus,100.0,Duelist,61.9,13.7,1.62,413 / 308 / 87,Sentinel,0.0,0.1,1.33,13 / 15 / 7,Controller,100.0,2.0,1.59,43 / 37 / 16,Initiator,100.0,1.0,1.47,14 / 17 / 11,Vandal,Assault Rifles,37.0,58.0,5.0,181.0,Phantom,Assault Rifles,26.0,72.0,2.0,78.0,Operator,Sniper Rifles,8.0,92.0,0.0,48.0,Abyss,100.0,3.0,Split,80.0,4.1,Fracture,75.0,3.1,Lotus,50.0,2.2,Pearl,50.0,2.2,Haven,40.0,2.2,,,
33,Immi81#8181,ap,Bronze 1,1.0,,33.0,73.0,41.0,121.8,0.88,10.6,53.4,39.0,69.6,16.0,945.0,1080.0,389.0,188.0,1.24,0.6,105.0,50.0,1.0,50.5,Reyna,13.0,25.0,52.0,1.02,132.3,212.2,7.0,Fracture,80.0,Neon,14.0,23.0,65.2,0.96,130.9,201.7,6.0,Lotus,86.0,Sage,4.1,7.0,57.1,0.65,99.2,148.2,37.0,Fracture,50.0,Duelist,57.4,31.23,1.31,756 / 784 / 270,Initiator,50.0,3.3,0.86,54 / 103 / 35,Sentinel,57.1,4.3,1.2,67 / 103 / 57,Controller,16.7,1.5,1.06,68 / 90 / 27,Spectre,SMGs,13.0,70.0,18.0,399.0,Phantom,Assault Rifles,16.0,71.0,13.0,181.0,Vandal,Assault Rifles,15.0,73.0,12.0,114.0,Abyss,70.0,7.3,Lotus,64.3,9.5,Haven,60.0,6.4,Fracture,50.0,6.6,Bind,42.9,3.4,Pearl,41.7,5.7,Split,37.5,3.5
34,HADES#H2DEs,ap,Gold 1,1.0,,225.0,122.0,70.0,154.4,1.19,26.6,49.2,60.0,71.7,17.0,2153.0,1812.0,487.0,236.0,1.46,0.8,299.0,94.0,2.0,50.1,Reyna,36.0,63.0,49.2,1.24,164.1,250.9,23.0,Fracture,55.0,Chamber,12.0,22.0,63.6,1.26,146.4,223.2,22.0,Bind,75.0,Sage,5.9,10.0,50.0,1.18,152.6,240.1,10.0,Lotus,67.0,Duelist,47.7,31.33,1.49,"1,181 / 965 / 255",Sentinel,55.9,19.15,1.47,610 / 501 / 125,Controller,50.0,6.6,1.56,226 / 179 / 54,Initiator,36.4,4.7,1.13,136 / 167 / 53,Vandal,Assault Rifles,33.0,63.0,4.0,1050.0,Ghost,Sidearms,47.0,51.0,2.0,205.0,Phantom,Assault Rifles,28.0,66.0,6.0,204.0,Fracture,66.7,12.6,Split,53.3,8.7,Haven,52.9,9.8,Lotus,52.4,11.1,Pearl,47.1,8.9,Bind,42.1,8.1,Abyss,26.7,4.11
35,IzPhyco#innit,ap,Silver 1,1.0,,101.0,121.0,68.0,158.4,1.12,24.4,44.6,54.0,69.8,19.0,2037.0,1814.0,614.0,239.7,1.46,0.8,288.0,82.0,9.0,49.4,Sage,14.0,25.0,48.0,1.42,179.7,275.0,48.0,Lotus,63.0,Reyna,12.0,20.0,45.0,1.3,177.4,270.5,32.0,Abyss,75.0,Omen,10.0,18.0,66.7,0.99,137.9,209.4,2.0,Bind,83.0,Duelist,37.0,17.27,1.48,869 / 708 / 181,Controller,69.6,16.7,1.32,338 / 342 / 115,Sentinel,44.7,17.21,1.67,648 / 540 / 254,Initiator,28.6,4.9,1.1,182 / 224 / 64,Vandal,Assault Rifles,36.0,61.0,3.0,986.0,Phantom,Assault Rifles,31.0,65.0,4.0,325.0,Ghost,Sidearms,31.0,66.0,3.0,141.0,Bind,57.9,11.8,Lotus,56.5,13.1,Abyss,55.6,10.8,Pearl,46.7,7.8,Fracture,38.5,5.7,Haven,25.0,4.11,Split,23.5,4.12
36,hachiko xx#nana,ap,Bronze 2,2.0,,72.0,113.0,63.0,94.6,0.61,11.6,52.2,59.0,61.7,44.0,1110.0,1807.0,494.0,142.5,0.89,0.5,142.0,75.0,0.0,52.5,Sage,18.0,32.0,40.6,0.65,96.2,147.8,42.0,Lotus,71.0,Jett,13.0,26.0,73.1,0.7,107.5,163.0,32.0,Bind,75.0,Cypher,13.0,23.0,39.1,0.68,102.0,153.2,29.0,Bind,50.0,Duelist,71.9,23.8,0.89,335 / 519 / 125,Sentinel,39.7,25.36,0.94,638 / 991 / 292,Controller,33.3,2.4,0.52,39 / 110 / 18,Initiator,75.0,9.3,0.84,98 / 187 / 59,Phantom,Assault Rifles,17.0,71.0,12.0,664.0,Classic,Sidearms,20.0,72.0,9.0,114.0,Vandal,Assault Rifles,17.0,69.0,14.0,69.0,Split,68.8,11.5,Lotus,68.8,11.5,Bind,60.0,9.6,Pearl,50.0,8.8,Abyss,44.4,8.9,Haven,41.2,7.9,Fracture,33.3,5.9
37,Squirtle#6669,ap,Gold 2,2.0,,184.0,99.0,58.0,142.1,1.07,19.9,52.5,52.0,72.8,11.0,1539.0,1434.0,609.0,211.9,1.5,0.7,132.0,72.0,2.0,50.7,Omen,15.0,27.0,44.4,0.92,123.4,184.7,7.0,Lotus,50.0,Reyna,12.0,21.0,61.9,1.35,175.0,263.7,37.0,Pearl,75.0,Gekko,8.1,14.0,71.4,1.13,143.9,213.4,16.0,Abyss,100.0,Controller,46.9,15.17,1.39,448 / 469 / 206,Sentinel,45.5,5.4,1.5,173 / 163 / 71,Duelist,60.0,15.1,1.6,460 / 366 / 125,Initiator,54.8,17.14,1.53,458 / 436 / 207,Vandal,Assault Rifles,30.0,66.0,4.0,968.0,Ghost,Sidearms,28.0,66.0,6.0,179.0,Spectre,SMGs,19.0,74.0,7.0,118.0,Fracture,73.3,11.4,Abyss,71.4,10.4,Bind,63.6,7.4,Lotus,58.8,10.6,Pearl,46.7,7.8,Split,28.6,4.1,Haven,23.1,3.9
38,tahijackson#main,ap,Silver 2,2.0,,159.0,96.0,54.0,134.5,0.88,19.4,45.8,44.0,67.6,10.0,1357.0,1545.0,496.0,204.8,1.2,0.7,239.0,55.0,3.0,49.3,Clove,15.0,27.0,51.9,0.85,138.9,212.7,16.0,Haven,100.0,Jett,11.0,20.0,50.0,0.91,131.1,199.5,8.0,Abyss,67.0,Iso,9.4,17.0,41.2,1.02,150.4,230.5,7.0,Abyss,67.0,Sentinel,40.0,4.6,1.32,137 / 142 / 51,Initiator,57.1,4.2,1.28,82 / 109 / 58,Duelist,44.0,22.28,1.15,714 / 788 / 196,Controller,48.3,14.15,1.22,424 / 506 / 191,Phantom,Assault Rifles,28.0,69.0,3.0,440.0,Vandal,Assault Rifles,29.0,66.0,5.0,367.0,Ghost,Sidearms,35.0,63.0,2.0,82.0,Abyss,66.7,10.5,Lotus,58.8,10.7,Haven,53.8,7.6,Split,40.0,4.6,Pearl,40.0,6.9,Fracture,35.7,5.9,Bind,16.7,2.9
39,INSANE#87870,ap,Silver 2,2.0,,161.0,38.0,21.0,195.9,1.27,16.8,47.4,18.0,76.7,48.0,779.0,611.0,185.0,299.4,1.58,1.0,144.0,23.0,3.0,50.8,Neon,17.0,32.0,50.0,1.31,198.1,302.1,51.0,Bind,60.0,Clove,2.4,4.0,25.0,1.15,202.7,310.9,45.0,Pearl,100.0,Sage,0.4,1.0,0.0,0.6,110.9,158.6,39.0,Lotus,0.0,Sentinel,0.0,0.1,0.87,9 / 15 / 4,Controller,25.0,1.3,1.51,91 / 79 / 28,Duelist,50.0,16.15,1.61,657 / 501 / 149,Initiator,100.0,1.0,1.62,22 / 16 / 4,Vandal,Assault Rifles,23.0,73.0,4.0,580.0,Ghost,Sidearms,23.0,71.0,6.0,116.0,Marshal,Sniper Rifles,45.0,45.0,10.0,22.0,Lotus,66.7,4.2,Fracture,66.7,2.1,Bind,60.0,3.2,Split,57.1,4.2,Pearl,50.0,3.3,Haven,33.3,2.4,Abyss,0.0,0.5
40,FZ0099#0019,ap,,,,,,,,,,,,,,,,,,,,,,,,,,,,,,,,,,,,,,,,,,,,,,,,,,,,,,,,,,,,,,,,,,,,,,,,,,,,,,,,,,,,,,,,,,,,,,,,,,,,,,,,,,,,,,,,
41,RECKLESSBEAST#CHAOS,ap,Gold 2,2.0,,286.0,109.0,62.0,149.2,1.02,19.4,47.7,52.0,67.5,5.0,1803.0,1762.0,517.0,229.7,1.32,0.8,281.0,80.0,1.0,50.2,Reyna,20.0,34.0,47.1,1.12,163.5,251.2,12.0,Abyss,80.0,Tejo,11.0,19.0,42.1,0.87,131.6,200.4,13.0,Fracture,40.0,Chamber,6.2,12.0,33.3,1.07,146.8,226.9,14.0,Split,100.0,Duelist,46.7,21.22,1.36,787 / 729 / 206,Sentinel,34.8,8.13,1.26,382 / 378 / 96,Initiator,53.6,15.12,1.21,401 / 445 / 138,Controller,61.5,8.5,1.48,233 / 210 / 77,Vandal,Assault Rifles,29.0,66.0,6.0,857.0,Ghost,Sidearms,39.0,58.0,3.0,160.0,Spectre,SMGs,13.0,78.0,8.0,142.0,Pearl,61.5,8.5,Split,61.1,11.5,Bind,56.2,9.7,Haven,43.8,7.8,Fracture,40.0,6.9,Abyss,38.9,7.1,Lotus,30.8,4.8
42,FT003#FT003,ap,Unranked,,,105.0,5.0,3.3,147.8,0.94,24.8,80.0,4.0,70.3,9.0,79.0,84.0,38.0,216.5,1.39,0.7,6.0,2.0,0.0,53.2,Reyna,0.8,1.0,100.0,1.29,194.7,305.5,36.0,Pearl,100.0,Sova,0.7,1.0,100.0,0.94,125.3,195.4,4.0,Abyss,100.0,Omen,0.5,1.0,0.0,0.86,135.3,189.6,3.0,Abyss,0.0,Duelist,100.0,1.0,1.67,27 / 21 / 8,Initiator,100.0,1.0,1.41,16 / 17 / 8,Controller,66.7,2.1,1.26,36 / 46 / 22,,,,,,Phantom,Assault Rifles,29.0,66.0,5.0,27.0,Vandal,Assault Rifles,38.0,59.0,3.0,18.0,Spectre,SMGs,29.0,71.0,0.0,15.0,Fracture,100.0,1.0,Bind,100.0,1.0,Pearl,100.0,1.0,Abyss,50.0,1.1,,,,,,,,,
43,Slayer?#?LoL?,ap,,,,,,,,,,,,,,,,,,,,,,,,,,,,,,,,,,,,,,,,,,,,,,,,,,,,,,,,,,,,,,,,,,,,,,,,,,,,,,,,,,,,,,,,,,,,,,,,,,,,,,,,,,,,,,,,
44,unknown1#258,ap,Bronze 3,3.0,,42.0,36.0,21.0,141.7,1.08,17.7,47.2,17.0,67.6,1.0,582.0,537.0,152.0,225.1,1.37,0.8,85.0,21.0,3.0,48.8,Jett,7.0,11.0,36.4,1.18,148.1,236.2,8.0,Split,50.0,Gekko,2.4,5.0,40.0,0.98,126.2,197.3,9.0,Lotus,67.0,Reyna,2.3,4.0,50.0,1.09,148.2,253.2,5.0,Abyss,50.0,Duelist,47.1,8.9,1.41,327 / 276 / 62,Sentinel,42.9,3.4,1.46,102 / 90 / 29,Initiator,44.4,4.5,1.34,114 / 114 / 39,Controller,66.7,2.1,1.07,39 / 57 / 22,Vandal,Assault Rifles,27.0,68.0,5.0,231.0,Spectre,SMGs,17.0,72.0,11.0,151.0,Phantom,Assault Rifles,24.0,67.0,9.0,75.0,Fracture,100.0,4.0,Lotus,66.7,4.2,Haven,50.0,3.3,Pearl,50.0,2.2,Bind,40.0,2.3,Split,25.0,1.3,Abyss,14.3,1.6
45,Nakshu#7060,ap,Gold 1,1.0,,94.0,150.0,87.0,134.6,1.01,16.4,48.7,73.0,69.2,4.0,2208.0,2189.0,618.0,202.3,1.29,0.7,262.0,98.0,4.0,50.7,Jett,41.0,68.0,52.9,1.09,142.9,215.5,12.0,Fracture,80.0,Iso,8.9,16.0,68.8,1.11,151.4,219.6,23.0,Bind,86.0,Reyna,8.7,15.0,40.0,1.09,143.0,218.6,9.0,Lotus,0.0,Controller,35.0,7.13,1.15,229 / 281 / 93,Initiator,37.5,3.5,1.2,94 / 114 / 43,Duelist,52.2,60.53,1.35,"1,832 / 1,698 / 453",Sentinel,42.9,3.4,0.85,53 / 96 / 29,Vandal,Assault Rifles,23.0,69.0,8.0,994.0,Phantom,Assault Rifles,24.0,68.0,8.0,338.0,Sheriff,Sidearms,29.0,68.0,3.0,238.0,Abyss,64.7,11.6,Fracture,61.1,11.7,Split,60.0,15.1,Pearl,50.0,12.12,Bind,47.8,11.11,Haven,35.3,6.11,Lotus,26.9,7.18
46,Diabolicalwillow#2006,ap,Level,149.0,,,3.0,0.4,,,,,0.0,0.0,0.0,64.0,71.0,11.0,6617.0,1.06,21.3,0.0,0.0,0.0,,Fade,0.1,1.0,0.0,0.69,0.0,5617.0,0.0,Pearl,0.0,Phoenix,0.1,1.0,0.0,1.36,0.0,5809.0,0.0,Fracture,0.0,Vyse,0.1,1.0,0.0,0.87,0.0,8425.0,0.0,Abyss,0.0,,,,,,,,,,,,,,,,,,,,,Vandal,Assault Rifles,0.0,0.0,0.0,29.0,Phantom,Assault Rifles,0.0,0.0,0.0,26.0,Operator,Sniper Rifles,0.0,0.0,0.0,9.0,Fracture,0.0,0.1,Abyss,0.0,0.1,Pearl,0.0,0.1,,,,,,,,,,,,
47,FROST69#Raze,ap,Silver 3,3.0,,198.0,61.0,37.0,164.7,1.23,20.1,42.6,26.0,71.5,23.0,1183.0,965.0,332.0,257.3,1.57,0.9,139.0,46.0,4.0,49.2,Cypher,5.0,8.0,75.0,1.42,154.1,251.0,25.0,Bind,100.0,Omen,4.1,7.0,42.9,1.18,149.8,237.3,16.0,Abyss,100.0,Clove,3.4,6.0,66.7,1.29,205.0,316.2,53.0,Haven,50.0,Controller,50.0,7.7,1.61,279 / 227 / 86,Duelist,33.3,8.14,1.5,498 / 404 / 110,Initiator,38.5,5.8,1.63,210 / 178 / 81,Sentinel,60.0,6.2,1.61,196 / 156 / 55,Vandal,Assault Rifles,29.0,67.0,4.0,680.0,Phantom,Assault Rifles,27.0,69.0,4.0,147.0,Classic,Sidearms,23.0,75.0,2.0,65.0,Fracture,55.6,5.3,Bind,50.0,4.3,Abyss,44.4,4.4,Split,44.4,4.5,Lotus,42.9,3.3,Pearl,33.3,3.6,Haven,30.0,3.7
48,INF Starmarine#6969,ap,Unranked,,,33.0,5.0,2.8,161.5,1.57,9.7,40.0,2.0,78.2,50.0,91.0,58.0,32.0,254.4,2.12,0.9,4.0,4.0,0.0,52.5,Omen,1.0,2.0,100.0,2.38,176.1,298.1,88.0,Fracture,100.0,Fade,0.6,1.0,0.0,1.58,140.4,225.6,47.0,Split,0.0,Gekko,0.5,1.0,0.0,1.0,151.7,220.0,20.0,Bind,0.0,Controller,100.0,2.0,3.19,38 / 16 / 13,Initiator,0.0,0.2,1.78,34 / 27 / 14,Sentinel,0.0,0.1,1.6,19 / 15 / 5,,,,,,Vandal,Assault Rifles,14.0,72.0,15.0,42.0,Phantom,Assault Rifles,16.0,54.0,30.0,16.0,Spectre,SMGs,5.0,95.0,0.0,6.0,Fracture,100.0,1.0,Split,50.0,1.1,Bind,0.0,0.2,,,,,,,,,,,,
0,INF Starmarine#6969,ap,Unranked,,,33.0,5.0,2.8,161.5,1.57,9.7,40.0,2.0,78.2,50.0,91.0,58.0,32.0,254.4,2.12,0.9,4.0,4.0,0.0,52.5,Omen,1.0,2.0,100.0,2.38,176.1,298.1,88.0,Fracture,100.0,Chamber,0.6,1.0,0.0,1.27,171.3,249.0,22.0,Bind,0.0,Fade,0.6,1.0,0.0,1.58,140.4,225.6,47.0,Split,0.0,Sentinel,0.0,0.1,1.6,19 / 15 / 5,Controller,100.0,2.0,3.19,38 / 16 / 13,Initiator,0.0,0.2,1.78,34 / 27 / 14,,,,,,Vandal,Assault Rifles,14.0,72.0,15.0,42.0,Phantom,Assault Rifles,16.0,54.0,30.0,16.0,Spectre,SMGs,5.0,95.0,0.0,6.0,Fracture,100.0,1.0,Split,50.0,1.1,Bind,0.0,0.2,,,,,,,,,,,,
0,Z3N0XYZ#4509,ap,Gold 3,3.0,,81.0,138.0,77.0,157.4,1.13,26.4,51.4,71.0,69.2,10.0,2485.0,2208.0,498.0,244.5,1.35,0.9,421.0,94.0,5.0,51.3,Jett,49.0,88.0,52.3,1.11,158.3,247.9,11.0,Pearl,57.0,Phoenix,6.7,12.0,41.7,1.17,161.3,251.7,0.0,Pearl,100.0,Reyna,5.5,10.0,60.0,1.33,180.8,267.3,37.0,Fracture,43.0,Duelist,52.9,64.57,1.36,"2,225 / 1,963 / 436",Controller,0.0,0.2,1.05,27 / 37 / 12,Sentinel,55.6,5.3,1.3,138 / 121 / 19,Initiator,33.3,2.4,1.45,95 / 87 / 31,Vandal,Assault Rifles,37.0,60.0,3.0,1193.0,Spectre,SMGs,28.0,69.0,3.0,314.0,Phantom,Assault Rifles,34.0,63.0,3.0,275.0,Lotus,61.1,11.6,Pearl,61.1,11.7,Split,55.0,11.9,Fracture,54.5,12.1,Abyss,52.2,12.11,Haven,50.0,9.9,Bind,26.3,5.14
1,AlanGanteng#AWOK,ap,Silver 1,1.0,,101.0,41.0,23.0,124.5,0.91,15.7,51.2,21.0,71.8,17.0,599.0,661.0,245.0,197.0,1.28,0.7,60.0,21.0,0.0,51.4,Neon,7.0,13.0,61.5,0.95,129.5,212.1,18.0,Pearl,67.0,Tejo,2.0,4.0,50.0,0.89,125.5,197.2,9.0,Fracture,100.0,Raze,1.6,3.0,33.3,0.78,110.4,176.5,37.0,Fracture,100.0,Duelist,52.6,10.9,1.21,285 / 312 / 91,Controller,42.9,3.4,1.38,107 / 114 / 50,Sentinel,50.0,4.4,1.26,114 / 135 / 56,Initiator,57.1,4.3,1.41,93 / 100 / 48,Phantom,Assault Rifles,20.0,75.0,5.0,273.0,Vandal,Assault Rifles,24.0,74.0,3.0,126.0,Classic,Sidearms,25.0,71.0,4.0,48.0,Haven,75.0,3.1,Fracture,66.7,4.2,Pearl,50.0,3.3,Bind,50.0,3.3,Lotus,50.0,4.4,Split,42.9,3.4,Abyss,25.0,1.3
2,SPR EREN 1604,ap,,,,,,,,,,,,,,,,,,,,,,,,,,,,,,,,,,,,,,,,,,,,,,,,,,,,,,,,,,,,,,,,,,,,,,,,,,,,,,,,,,,,,,,,,,,,,,,,,,,,,,,,,,,,,,,,
3,BOTIX#9119,ap,Bronze 3,3.0,,66.0,51.0,28.0,126.5,0.96,15.0,58.8,30.0,72.1,5.0,664.0,689.0,257.0,188.3,1.34,0.7,75.0,50.0,1.0,53.0,Cypher,6.7,12.0,83.3,1.07,113.3,170.8,0.0,Fracture,75.0,Iso,6.0,11.0,36.4,0.88,132.9,196.0,9.0,Haven,100.0,Sage,2.6,5.0,100.0,1.19,148.4,218.9,28.0,Split,100.0,Controller,20.0,1.4,1.04,62 / 78 / 19,Sentinel,81.8,18.4,1.52,303 / 267 / 102,Initiator,54.5,6.5,1.4,143 / 162 / 83,Duelist,38.5,5.8,1.15,156 / 182 / 53,Vandal,Assault Rifles,22.0,70.0,8.0,331.0,Phantom,Assault Rifles,16.0,78.0,6.0,72.0,Classic,Sidearms,21.0,66.0,13.0,46.0,Haven,71.4,5.2,Split,71.4,5.2,Bind,66.7,4.2,Lotus,62.5,5.3,Pearl,55.6,5.4,Abyss,42.9,3.4,Fracture,42.9,3.4
4,JOHAN#0609,ap,Silver 1,1.0,,147.0,80.0,48.0,146.6,1.11,15.2,46.2,37.0,75.3,13.0,1346.0,1211.0,490.0,229.4,1.52,0.8,121.0,51.0,1.0,49.2,Tejo,10.0,18.0,61.1,1.06,132.8,209.7,8.0,Abyss,75.0,Raze,6.5,12.0,50.0,1.1,145.9,227.3,15.0,Lotus,57.0,Reyna,5.8,10.0,60.0,1.35,161.4,249.6,30.0,Abyss,80.0,Sentinel,20.0,1.4,1.31,72 / 78 / 30,Duelist,43.6,17.22,1.5,677 / 588 / 205,Initiator,53.8,14.12,1.49,415 / 395 / 175,Controller,50.0,5.4,1.75,182 / 150 / 80,Vandal,Assault Rifles,23.0,72.0,5.0,433.0,Phantom,Assault Rifles,20.0,72.0,8.0,259.0,Spectre,SMGs,15.0,76.0,9.0,122.0,Abyss,66.7,10.5,Split,54.5,6.5,Lotus,50.0,7.7,Haven,44.4,4.5,Fracture,36.4,4.7,Bind,36.4,4.7,Pearl,22.2,2.6
5,ShadowLord#69691,ap,Bronze 2,2.0,,322.0,34.0,19.0,153.2,1.03,20.2,64.7,22.0,70.2,17.0,561.0,545.0,179.0,231.6,1.36,0.8,81.0,26.0,0.0,54.3,Iso,6.0,11.0,81.8,1.24,187.6,282.9,45.0,Split,100.0,Tejo,3.9,6.0,50.0,0.88,131.3,197.1,4.0,Bind,33.0,Sage,2.1,4.0,50.0,0.96,133.8,186.5,6.0,Abyss,67.0,Initiator,57.1,4.3,1.38,110 / 116 / 50,Duelist,73.3,11.4,1.47,283 / 241 / 72,Sentinel,55.6,5.4,1.13,126 / 151 / 45,Controller,66.7,2.1,1.46,42 / 37 / 12,Phantom,Assault Rifles,30.0,64.0,6.0,251.0,Vandal,Assault Rifles,26.0,69.0,4.0,88.0,Spectre,SMGs,25.0,68.0,7.0,57.0,Split,100.0,5.0,Pearl,100.0,5.0,Lotus,80.0,4.1,Abyss,75.0,3.1,Bind,50.0,3.3,Fracture,40.0,2.3,Haven,0.0,0.4
6,Neo#rens,ap,Bronze 3,3.0,,56.0,66.0,37.0,126.6,0.89,17.5,45.5,30.0,65.5,18.0,893.0,1006.0,278.0,190.2,1.16,0.7,105.0,50.0,2.0,48.0,Jett,11.0,18.0,38.9,0.98,138.5,209.7,11.0,Fracture,42.0,Yoru,5.4,10.0,100.0,0.96,121.6,186.8,16.0,Lotus,100.0,Tejo,4.4,9.0,44.4,0.77,123.1,181.1,26.0,Abyss,50.0,Initiator,45.5,5.6,1.24,132 / 153 / 57,Controller,40.0,2.3,0.97,66 / 89 / 20,Duelist,48.6,17.17,1.17,514 / 552 / 131,Sentinel,40.0,6.9,1.18,181 / 212 / 70,Vandal,Assault Rifles,24.0,71.0,5.0,322.0,Operator,Sniper Rifles,10.0,89.0,1.0,164.0,Classic,Sidearms,22.0,73.0,6.0,71.0,Lotus,80.0,8.2,Abyss,55.6,5.4,Pearl,50.0,4.4,Bind,40.0,4.6,Fracture,38.5,5.7,Haven,28.6,2.5,Split,22.2,2.7
7,KC Gamer?#idk,ap,,,,,,,,,,,,,,,,,,,,,,,,,,,,,,,,,,,,,,,,,,,,,,,,,,,,,,,,,,,,,,,,,,,,,,,,,,,,,,,,,,,,,,,,,,,,,,,,,,,,,,,,,,,,,,,,
8,Kaemi#001,ap,Gold 1,1.0,,64.0,98.0,56.0,182.3,1.34,27.4,44.9,44.0,72.1,42.0,1963.0,1470.0,431.0,278.9,1.63,1.0,258.0,79.0,7.0,48.3,Jett,17.0,31.0,32.3,1.3,183.9,277.0,41.0,Abyss,44.0,Reyna,13.0,23.0,60.9,1.54,195.5,305.6,54.0,Pearl,86.0,Raze,8.0,14.0,57.1,1.34,196.5,295.8,57.0,Lotus,70.0,Duelist,45.1,37.44,1.66,"1,744 / 1,255 / 341",Controller,41.7,5.7,1.69,201 / 168 / 83,Initiator,50.0,1.1,0.36,6 / 25 / 3,Sentinel,50.0,1.1,0.73,12 / 22 / 4,Vandal,Assault Rifles,34.0,62.0,4.0,1197.0,Bulldog,Assault Rifles,39.0,57.0,5.0,213.0,Sheriff,Sidearms,56.0,44.0,0.0,162.0,Lotus,56.2,9.7,Fracture,53.8,7.5,Pearl,50.0,8.8,Haven,50.0,7.7,Abyss,38.5,5.8,Split,33.3,4.8,Bind,28.6,4.1
9,atndeadshot#69420,ap,Bronze 2,2.0,,109.0,9.0,5.2,155.3,1.12,31.1,55.6,5.0,70.4,15.0,164.0,146.0,44.0,240.2,1.42,0.8,33.0,7.0,0.0,50.5,Jett,2.3,4.0,50.0,0.97,155.6,233.7,4.0,Lotus,50.0,Yoru,1.0,2.0,50.0,1.33,172.1,277.7,31.0,Lotus,100.0,Breach,0.6,1.0,0.0,0.5,111.1,160.3,49.0,Fracture,0.0,Duelist,50.0,3.3,1.31,113 / 105 / 25,Initiator,0.0,0.1,0.86,11 / 22 / 8,Sentinel,100.0,2.0,2.68,40 / 19 / 11,,,,,,Vandal,Assault Rifles,45.0,50.0,5.0,50.0,Phantom,Assault Rifles,42.0,57.0,1.0,40.0,Sheriff,Sidearms,40.0,56.0,4.0,18.0,Haven,100.0,1.0,Abyss,100.0,1.0,Bind,100.0,1.0,Lotus,66.7,2.1,Fracture,0.0,0.2,Split,0.0,0.1,,,
10,szy#jett,ap,Silver 3,3.0,,191.0,35.0,19.0,140.7,0.94,28.4,54.3,19.0,64.8,3.0,500.0,534.0,126.0,201.6,1.17,0.7,104.0,28.0,0.0,50.8,Jett,14.0,26.0,57.7,1.02,146.5,212.0,11.0,Lotus,60.0,Reyna,2.8,5.0,40.0,0.8,136.0,188.5,10.0,Fracture,100.0,Tejo,1.3,2.0,50.0,0.54,81.7,111.6,58.0,Pearl,100.0,Duelist,54.8,17.14,1.2,454 / 463 / 101,Controller,100.0,1.0,1.06,14 / 17 / 4,Initiator,33.3,1.2,0.98,32 / 54 / 21,,,,,,Vandal,Assault Rifles,45.0,53.0,3.0,280.0,Sheriff,Sidearms,44.0,56.0,0.0,47.0,Marshal,Sniper Rifles,56.0,40.0,4.0,44.0,Pearl,100.0,4.0,Fracture,83.3,5.1,Lotus,50.0,3.3,Bind,42.9,3.4,Split,40.0,2.3,Haven,33.3,1.2,Abyss,25.0,1.3
11,HerXsun#sun,ap,Level,32.0,,,1.0,0.2,,,,,0.0,0.0,13.0,0.0,1.0,0.0,0.0,0.0,0.0,0.0,0.0,0.0,,Reyna,0.2,1.0,0.0,0.0,0.0,0.0,13.0,Icebox,0.0,,,,,,,,,,,,,,,,,,,,,Duelist,0.0,0.1,0.0,0 / 1 / 0,,,,,,,,,,,,,,,,Ghost,Sidearms,0.0,0.0,0.0,0.0,Classic,Sidearms,0.0,0.0,0.0,0.0,,,,,,,Icebox,0.0,0.1,,,,,,,,,,,,,,,,,,
12,GamingBeast756#6402,ap,Silver 1,1.0,,109.0,46.0,26.0,160.2,1.02,14.4,52.2,24.0,70.2,6.0,780.0,766.0,266.0,240.6,1.37,0.8,136.0,26.0,3.0,51.2,Phoenix,19.0,34.0,61.8,1.11,168.6,255.3,3.0,Split,80.0,Chamber,2.4,4.0,25.0,0.94,140.2,218.0,2.0,Lotus,25.0,Tejo,1.6,3.0,66.7,0.83,134.7,192.0,3.0,Haven,100.0,Duelist,53.8,21.17,1.39,675 / 649 / 226,Initiator,66.7,2.1,1.32,39 / 47 / 23,Sentinel,25.0,1.3,1.19,66 / 70 / 17,,,,,,Phantom,Assault Rifles,22.0,70.0,7.0,344.0,Vandal,Assault Rifles,24.0,70.0,6.0,131.0,Ghost,Sidearms,17.0,79.0,4.0,63.0,Split,80.0,4.1,Pearl,71.4,5.2,Haven,66.7,4.2,Bind,50.0,3.3,Fracture,42.9,3.4,Lotus,33.3,3.5,Abyss,33.3,2.4
13,Computment#6942,ap,Bronze 2,2.0,,70.0,7.0,3.7,83.8,,16.9,,0.0,48.5,59.0,51.0,109.0,27.0,120.0,0.72,0.4,6.0,3.0,0.0,34.1,Omen,1.7,3.0,0.0,0.31,56.2,84.5,90.0,Haven,0.0,Brimstone,0.8,2.0,0.0,0.29,47.1,72.7,77.0,Fracture,0.0,Gekko,0.6,1.0,0.0,0.53,109.7,147.1,22.0,Lotus,0.0,Controller,0.0,0.5,0.53,22 / 72 / 16,Initiator,0.0,0.1,0.84,10 / 19 / 6,Duelist,0.0,0.1,1.33,19 / 18 / 5,,,,,,Vandal,Assault Rifles,42.0,48.0,9.0,15.0,Ares,Heavy Weapons,11.0,74.0,14.0,8.0,Ghost,Sidearms,50.0,50.0,0.0,6.0,Fracture,0.0,0.2,Abyss,0.0,0.1,Lotus,0.0,0.1,Pearl,0.0,0.1,Split,0.0,0.1,Haven,0.0,0.1,,,
14,flicky aim#000,ap,Gold 1,1.0,,106.0,217.0,125.0,151.5,1.16,32.3,49.3,107.0,72.2,17.0,3707.0,3207.0,961.0,228.7,1.46,0.8,401.0,158.0,7.0,50.3,Iso,63.0,108.0,53.7,1.32,168.6,252.7,38.0,Abyss,61.0,Sage,12.0,23.0,60.9,1.07,125.9,193.5,6.0,Lotus,80.0,Clove,9.2,16.0,31.2,1.0,157.2,237.6,2.0,Abyss,67.0,Sentinel,44.4,16.2,1.27,478 / 508 / 169,Initiator,46.2,12.14,1.25,358 / 384 / 123,Duelist,53.5,68.57,1.57,"2,393 / 1,848 / 507",Controller,39.3,11.16,1.37,478 / 467 / 162,Vandal,Assault Rifles,47.0,50.0,3.0,1633.0,Phantom,Assault Rifles,45.0,51.0,4.0,776.0,Bulldog,Assault Rifles,41.0,55.0,4.0,223.0,Abyss,61.3,19.12,Fracture,57.6,19.13,Lotus,50.0,16.16,Pearl,45.5,15.18,Split,44.8,13.16,Haven,43.3,13.17,Bind,41.4,12.15
15,DevUnderHeaven#2082,ap,Silver 2,2.0,,69.0,106.0,59.0,121.1,0.86,18.3,51.9,55.0,67.9,16.0,1372.0,1601.0,448.0,181.8,1.14,0.6,191.0,76.0,2.0,50.5,Cypher,36.0,65.0,44.6,0.71,100.3,150.3,34.0,Lotus,57.0,Reyna,10.0,18.0,61.1,1.11,159.0,238.3,14.0,Bind,100.0,Clove,3.3,6.0,66.7,1.19,175.3,264.5,25.0,Split,50.0,Sentinel,45.7,32.37,0.98,"760 / 1,055 / 273",Controller,75.0,6.2,1.46,148 / 127 / 38,Initiator,62.5,5.3,1.4,124 / 115 / 37,Duelist,60.0,12.8,1.45,340 / 304 / 100,Vandal,Assault Rifles,28.0,67.0,6.0,524.0,Phantom,Assault Rifles,24.0,70.0,6.0,269.0,Bulldog,Assault Rifles,20.0,73.0,6.0,188.0,Fracture,64.3,9.5,Bind,61.5,8.4,Pearl,53.8,7.6,Lotus,52.6,10.9,Abyss,50.0,7.7,Split,44.4,8.1,Haven,40.0,6.9
16,naoxy#2004,ap,Gold 2,2.0,,164.0,254.0,146.0,153.0,0.97,18.8,51.6,131.0,71.7,0.0,4205.0,4335.0,1474.0,233.9,1.31,0.8,615.0,193.0,5.0,50.3,Clove,76.0,133.0,54.1,0.97,158.9,244.1,2.0,Abyss,86.0,Reyna,32.0,55.0,49.1,1.09,161.8,247.4,12.0,Fracture,60.0,Tejo,12.0,22.0,54.5,0.93,144.9,223.6,0.0,Lotus,60.0,Sentinel,48.5,16.17,1.17,424 / 516 / 179,Duelist,49.1,28.29,1.4,996 / 914 / 287,Initiator,48.0,12.13,1.22,390 / 424 / 126,Controller,54.0,75.63,1.32,"2,395 / 2,481 / 882",Vandal,Assault Rifles,28.0,67.0,5.0,1451.0,Phantom,Assault Rifles,26.0,68.0,7.0,988.0,Spectre,SMGs,24.0,70.0,7.0,564.0,Abyss,64.1,25.14,Fracture,61.1,22.14,Pearl,52.8,19.17,Lotus,48.7,19.2,Split,47.2,17.19,Bind,47.2,17.18,Haven,37.5,12.2
17,GAMER SHAN#7892,ap,Bronze 1,1.0,,60.0,42.0,22.0,136.0,1.01,21.5,50.0,21.0,65.8,4.0,576.0,573.0,138.0,201.2,1.25,0.7,76.0,25.0,1.0,49.9,Iso,11.0,23.0,39.1,0.95,139.4,205.9,9.0,Pearl,29.0,Omen,5.9,10.0,80.0,1.19,140.2,208.8,13.0,Pearl,100.0,Sage,3.5,7.0,57.1,0.98,119.7,178.0,7.0,Lotus,50.0,Duelist,37.5,9.15,1.13,321 / 337 / 60,Controller,72.7,8.3,1.42,172 / 151 / 43,Sentinel,57.1,4.3,1.39,83 / 85 / 35,,,,,,Vandal,Assault Rifles,31.0,65.0,4.0,377.0,Classic,Sidearms,31.0,65.0,4.0,60.0,Bulldog,Assault Rifles,20.0,72.0,8.0,57.0,Bind,100.0,5.0,Split,71.4,5.2,Fracture,50.0,2.2,Pearl,44.4,4.5,Lotus,40.0,2.3,Haven,25.0,1.3,Abyss,25.0,2.6
18,la egoista#zoro,ap,,,,,,,,,,,,,,,,,,,,,,,,,,,,,,,,,,,,,,,,,,,,,,,,,,,,,,,,,,,,,,,,,,,,,,,,,,,,,,,,,,,,,,,,,,,,,,,,,,,,,,,,,,,,,,,,
19,Cosette#0w0,ap,,,,,,,,,,,,,,,,,,,,,,,,,,,,,,,,,,,,,,,,,,,,,,,,,,,,,,,,,,,,,,,,,,,,,,,,,,,,,,,,,,,,,,,,,,,,,,,,,,,,,,,,,,,,,,,,
20,DORORO#BOT,ap,Bronze 2,2.0,,173.0,54.0,32.0,145.5,1.08,14.7,51.9,28.0,72.0,1.0,883.0,820.0,244.0,221.6,1.37,0.8,133.0,44.0,0.0,51.1,Phoenix,18.0,30.0,56.7,1.13,155.2,237.3,1.0,Lotus,83.0,Omen,5.8,10.0,40.0,0.99,129.2,195.2,5.0,Bind,50.0,Yoru,2.5,4.0,50.0,1.1,165.9,262.3,28.0,Abyss,50.0,Duelist,55.6,20.15,1.38,632 / 564 / 149,Controller,45.5,5.6,1.37,159 / 163 / 64,Sentinel,25.0,1.3,1.25,49 / 52 / 16,Initiator,66.7,2.0,1.41,43 / 41 / 15,Vandal,Assault Rifles,21.0,74.0,5.0,260.0,Phantom,Assault Rifles,21.0,71.0,8.0,220.0,Spectre,SMGs,21.0,72.0,7.0,73.0,Lotus,66.7,6.3,Fracture,60.0,6.4,Pearl,60.0,3.2,Bind,57.1,4.3,Haven,55.6,5.3,Abyss,37.5,3.5,Split,16.7,1.4
21,Megumi Fushiguro#6006,ap,,,,,,,,,,,,,,,,,,,,,,,,,,,,,,,,,,,,,,,,,,,,,,,,,,,,,,,,,,,,,,,,,,,,,,,,,,,,,,,,,,,,,,,,,,,,,,,,,,,,,,,,,,,,,,,,
22,Zenitsu Agatsuma#damn,ap,Bronze 2,2.0,,296.0,54.0,32.0,117.0,0.79,24.0,42.6,23.0,67.3,22.0,691.0,870.0,275.0,173.3,1.11,0.6,58.0,39.0,0.0,46.9,Brimstone,15.0,24.0,41.7,0.78,117.6,173.2,20.0,Abyss,50.0,Gekko,9.9,17.0,58.8,0.87,118.1,175.6,15.0,Pearl,75.0,Iso,2.9,5.0,20.0,0.84,131.1,196.7,16.0,Haven,0.0,Initiator,61.1,11.7,1.08,229 / 273 / 66,Duelist,14.3,1.6,0.9,93 / 118 / 13,Sentinel,20.0,1.4,1.07,59 / 82 / 29,Controller,41.7,10.13,1.2,310 / 397 / 167,Vandal,Assault Rifles,37.0,60.0,3.0,455.0,Classic,Sidearms,35.0,62.0,2.0,90.0,Odin,Heavy Weapons,17.0,72.0,11.0,36.0,Pearl,62.5,5.3,Lotus,50.0,3.3,Fracture,44.4,4.5,Abyss,42.9,3.4,Bind,42.9,3.4,Haven,33.3,3.5,Split,25.0,2.6
23,Xiao#ARC,ap,Iron 2,2.0,,69.0,39.0,21.0,84.9,,13.0,25.6,10.0,56.2,67.0,314.0,654.0,167.0,127.4,0.74,0.4,50.0,19.0,0.0,42.5,Gekko,13.0,24.0,33.3,0.5,85.3,130.2,66.0,Pearl,40.0,Reyna,4.1,7.0,0.0,0.43,81.1,117.2,72.0,Haven,0.0,Chamber,1.4,3.0,33.3,0.55,101.5,142.9,55.0,Fracture,100.0,Initiator,34.6,9.17,0.76,218 / 440 / 115,Duelist,0.0,0.8,0.62,61 / 143 / 27,Controller,0.0,0.1,0.9,10 / 20 / 8,Sentinel,25.0,1.3,0.82,25 / 51 / 17,Odin,Heavy Weapons,14.0,71.0,16.0,92.0,Vandal,Assault Rifles,29.0,63.0,8.0,62.0,Phantom,Assault Rifles,13.0,78.0,9.0,33.0,Lotus,60.0,3.2,Bind,33.3,1.2,Fracture,28.6,2.5,Pearl,25.0,2.6,Abyss,20.0,1.4,Split,14.3,1.6,Haven,0.0,0.4
24,Its Me#ARC,ap,Bronze 2,2.0,,26.0,16.0,8.4,125.6,0.86,25.2,37.5,6.0,71.3,13.0,204.0,237.0,77.0,190.4,1.19,0.7,21.0,10.0,0.0,47.1,Jett,4.1,8.0,50.0,0.88,135.2,204.1,10.0,Fracture,0.0,Sage,3.2,6.0,16.7,0.82,120.3,182.8,18.0,Lotus,33.0,Brimstone,0.7,1.0,0.0,0.47,78.2,112.0,49.0,Abyss,0.0,Controller,50.0,1.1,1.45,21 / 22 / 11,Sentinel,16.7,1.5,1.22,75 / 92 / 37,Duelist,50.0,4.4,1.11,108 / 123 / 29,,,,,,Vandal,Assault Rifles,34.0,63.0,4.0,114.0,Sheriff,Sidearms,58.0,42.0,0.0,19.0,Classic,Sidearms,37.0,63.0,0.0,14.0,Bind,100.0,1.0,Split,50.0,1.1,Haven,50.0,1.1,Lotus,50.0,2.2,Fracture,25.0,1.3,Abyss,0.0,0.3,,,
25,SUGANDAisLOVE#T4REZ,ap,Bronze 2,2.0,,72.0,21.0,12.0,171.5,1.19,24.9,47.6,10.0,71.5,25.0,409.0,344.0,93.0,269.7,1.46,0.9,77.0,14.0,4.0,47.0,Reyna,4.4,7.0,71.4,1.52,214.2,336.9,59.0,Lotus,100.0,Jett,3.1,6.0,33.3,0.91,146.0,231.9,5.0,Split,67.0,Sage,1.6,3.0,66.7,1.06,115.3,178.9,5.0,Bind,50.0,Duelist,50.0,7.7,1.46,297 / 243 / 57,Initiator,0.0,0.1,1.4,15 / 15 / 6,Sentinel,60.0,3.2,1.4,73 / 67 / 21,Controller,0.0,0.1,1.74,24 / 19 / 9,Vandal,Assault Rifles,39.0,56.0,5.0,188.0,Phantom,Assault Rifles,26.0,67.0,7.0,38.0,Guardian,Assault Rifles,41.0,57.0,2.0,34.0,Lotus,66.7,2.1,Haven,50.0,1.1,Fracture,50.0,2.2,Abyss,50.0,1.1,Split,50.0,2.2,Bind,50.0,1.1,Pearl,25.0,1.3
26,Qthulhu#103,ap,Iron 3,3.0,,38.0,6.0,2.8,169.8,1.26,18.6,,1.0,70.7,39.0,91.0,72.0,21.0,264.1,1.56,0.9,10.0,2.0,0.0,42.4,Sova,1.2,2.0,50.0,2.05,188.1,275.4,88.0,Haven,100.0,Sage,0.6,1.0,0.0,1.41,179.7,298.3,54.0,Bind,0.0,Chamber,0.2,1.0,0.0,0.38,100.8,148.5,64.0,Lotus,0.0,Sentinel,0.0,0.2,1.37,29 / 30 / 12,Initiator,33.3,1.2,1.61,48 / 33 / 5,Duelist,0.0,0.1,2.0,14 / 9 / 4,,,,,,Vandal,Assault Rifles,38.0,58.0,5.0,30.0,Phantom,Assault Rifles,28.0,72.0,0.0,9.0,Odin,Heavy Weapons,10.0,67.0,23.0,8.0,Haven,100.0,1.0,Bind,0.0,0.2,Fracture,0.0,0.1,Lotus,0.0,0.1,Pearl,0.0,0.1,,,,,,
27,ArxKyun#ANJAY,ap,Silver 3,3.0,,70.0,15.0,7.9,142.3,0.96,20.6,46.7,7.0,69.0,1.0,227.0,237.0,55.0,222.8,1.19,0.8,40.0,12.0,0.0,50.7,Reyna,2.4,5.0,80.0,1.3,173.0,281.4,29.0,Fracture,50.0,Jett,2.1,4.0,50.0,1.14,172.8,268.0,32.0,Pearl,100.0,Sova,1.0,2.0,0.0,0.48,86.6,123.8,56.0,Lotus,0.0,Controller,0.0,0.1,1.05,18 / 21 / 4,Initiator,25.0,1.3,0.75,32 / 64 / 16,Duelist,66.7,6.3,1.46,166 / 136 / 33,Sentinel,0.0,0.1,0.81,11 / 16 / 2,Vandal,Assault Rifles,34.0,60.0,5.0,92.0,Ghost,Sidearms,55.0,41.0,3.0,17.0,Sheriff,Sidearms,25.0,75.0,0.0,14.0,Abyss,100.0,1.0,Pearl,100.0,1.0,Fracture,66.7,2.1,Bind,50.0,1.1,Split,50.0,1.1,Haven,33.3,1.2,Lotus,0.0,0.3
28,HF CpakJder#set7,ap,Unranked,,,81.0,5.0,2.5,140.4,0.9,28.3,,0.0,54.4,19.0,70.0,78.0,15.0,220.9,1.09,0.8,9.0,0.0,0.0,33.7,Omen,0.8,1.0,0.0,0.83,117.6,183.7,29.0,Bind,0.0,Sage,0.3,1.0,0.0,0.58,134.2,215.6,46.0,Fracture,0.0,Raze,0.5,1.0,0.0,0.67,95.3,154.4,62.0,Fracture,0.0,Controller,0.0,0.2,0.81,21 / 31 / 4,Sentinel,0.0,0.1,1.0,7 / 12 / 5,Duelist,0.0,0.1,0.72,12 / 18 / 1,Initiator,0.0,0.1,2.06,30 / 17 / 5,Vandal,Assault Rifles,34.0,61.0,5.0,36.0,Sheriff,Sidearms,67.0,33.0,0.0,9.0,Marshal,Sniper Rifles,60.0,30.0,10.0,8.0,Lotus,0.0,0.1,Bind,0.0,0.2,Fracture,0.0,0.2,,,,,,,,,,,,
29,BOX#KINGZ,ap,Unranked,,,39.0,5.0,2.4,115.6,0.66,,,0.0,57.8,24.0,45.0,68.0,16.0,172.4,0.9,0.5,6.0,0.0,0.0,34.9,Omen,0.2,1.0,0.0,0.38,80.5,125.1,86.0,Lotus,0.0,Cypher,0.3,1.0,0.0,0.83,104.2,147.4,20.0,Pearl,0.0,Iso,0.8,1.0,0.0,0.68,139.7,190.5,1.0,Bind,0.0,Controller,0.0,0.1,0.46,5 / 13 / 1,Sentinel,0.0,0.2,1.19,15 / 16 / 4,Duelist,0.0,0.2,0.92,25 / 39 / 11,,,,,,Phantom,Assault Rifles,5.0,76.0,18.0,15.0,Spectre,SMGs,3.0,65.0,32.0,6.0,Marshal,Sniper Rifles,11.0,89.0,0.0,5.0,Bind,0.0,0.2,Fracture,0.0,0.1,Lotus,0.0,0.1,Pearl,0.0,0.1,,,,,,,,,
30,Hiro#SAFR,ap,Unranked,,,32.0,3.0,1.6,129.8,0.69,20.2,,0.0,64.4,35.0,34.0,49.0,20.0,180.2,1.1,0.6,3.0,2.0,0.0,45.8,Phoenix,0.6,1.0,0.0,0.26,79.0,110.8,100.0,Bind,0.0,Raze,0.6,1.0,0.0,1.11,187.3,256.4,30.0,Haven,0.0,Sova,0.3,1.0,0.0,1.0,112.1,160.9,42.0,Pearl,0.0,Duelist,0.0,0.2,1.0,26 / 41 / 15,Initiator,0.0,0.1,1.62,8 / 8 / 5,,,,,,,,,,,Vandal,Assault Rifles,48.0,52.0,0.0,19.0,Phantom,Assault Rifles,44.0,56.0,0.0,4.0,Sheriff,Sidearms,50.0,50.0,0.0,3.0,Pearl,0.0,0.1,Bind,0.0,0.1,Haven,0.0,0.1,,,,,,,,,,,,
31,TakiTheRuimach#0000,ap,Silver 3,3.0,,99.0,95.0,53.0,163.9,1.11,23.6,51.6,49.0,70.5,21.0,1725.0,1548.0,393.0,252.6,1.37,0.9,385.0,73.0,4.0,49.6,Jett,33.0,60.0,55.0,1.13,167.0,258.6,22.0,Fracture,70.0,Raze,10.0,18.0,44.4,1.14,171.3,263.7,29.0,Lotus,50.0,Tejo,3.1,5.0,60.0,0.86,137.1,179.7,8.0,Fracture,100.0,Initiator,50.0,3.3,1.28,79 / 92 / 39,Duelist,52.4,44.39,1.36,"1,542 / 1,379 / 340",Sentinel,40.0,2.3,1.53,104 / 77 / 14,,,,,,Vandal,Assault Rifles,37.0,58.0,5.0,788.0,Operator,Sniper Rifles,6.0,91.0,3.0,313.0,Sheriff,Sidearms,51.0,46.0,2.0,158.0,Fracture,71.4,10.4,Lotus,55.6,10.8,Haven,54.5,6.5,Abyss,53.8,7.6,Split,50.0,6.5,Pearl,38.5,5.8,Bind,35.7,5.9
32,TPT Your Daddy#5207,ap,Silver 1,1.0,,234.0,60.0,35.0,138.5,1.05,17.7,51.7,31.0,71.7,7.0,966.0,922.0,301.0,216.9,1.37,0.8,172.0,42.0,2.0,52.0,Chamber,12.0,21.0,42.9,1.17,151.8,242.4,20.0,Abyss,67.0,Omen,5.8,10.0,60.0,1.03,130.7,204.9,1.0,Abyss,100.0,Tejo,4.7,8.0,50.0,1.06,143.3,216.7,15.0,Abyss,100.0,Sentinel,48.1,13.14,1.37,468 / 423 / 110,Initiator,41.2,7.1,1.32,234 / 253 / 101,Duelist,75.0,3.0,1.59,89 / 70 / 22,Controller,66.7,8.4,1.38,175 / 176 / 68,Vandal,Assault Rifles,31.0,64.0,6.0,260.0,Operator,Sniper Rifles,4.0,96.0,0.0,188.0,Phantom,Assault Rifles,26.0,71.0,4.0,160.0,Abyss,87.5,7.1,Fracture,66.7,6.3,Lotus,55.6,5.3,Bind,50.0,5.5,Haven,44.4,4.5,Pearl,28.6,2.5,Split,25.0,2.6
33,Jhalmuri#5tk,ap,Silver 2,2.0,,97.0,75.0,41.0,142.7,1.03,28.9,50.7,38.0,67.4,3.0,1242.0,1204.0,331.0,220.2,1.31,0.8,112.0,58.0,6.0,49.2,Clove,15.0,28.0,39.3,0.97,146.2,226.1,12.0,Bind,50.0,Reyna,9.5,17.0,64.7,1.1,156.5,242.1,1.0,Lotus,80.0,Astra,6.7,13.0,69.2,1.34,137.6,211.4,27.0,Abyss,75.0,Controller,47.7,21.23,1.32,718 / 696 / 198,Initiator,50.0,4.4,1.18,102 / 131 / 52,Duelist,61.1,11.7,1.29,321 / 297 / 63,Sentinel,40.0,2.3,1.49,101 / 80 / 18,Vandal,Assault Rifles,43.0,54.0,3.0,826.0,Ghost,Sidearms,38.0,60.0,1.0,130.0,Phantom,Assault Rifles,30.0,66.0,4.0,50.0,Fracture,70.0,7.3,Abyss,54.5,6.5,Lotus,53.3,8.7,Haven,50.0,5.5,Split,50.0,4.4,Bind,45.5,5.6,Pearl,30.0,3.7
34,Giyu Tomioka#shira,ap,Silver 2,2.0,,290.0,71.0,39.0,128.1,0.93,19.3,47.9,34.0,69.2,1.0,951.0,1025.0,421.0,193.9,1.34,0.7,143.0,59.0,1.0,49.2,Tejo,19.0,37.0,56.8,1.02,133.1,206.0,6.0,Abyss,67.0,Omen,3.9,6.0,33.3,0.73,129.0,188.3,12.0,Split,67.0,Jett,2.8,5.0,40.0,0.93,133.0,201.2,2.0,Split,50.0,Controller,37.5,3.4,1.33,118 / 138 / 66,Duelist,46.2,6.7,1.22,170 / 184 / 54,Sentinel,33.3,2.4,0.86,59 / 96 / 24,Initiator,52.3,23.21,1.45,604 / 607 / 277,Phantom,Assault Rifles,30.0,64.0,6.0,370.0,Vandal,Assault Rifles,36.0,57.0,8.0,201.0,Ghost,Sidearms,34.0,63.0,3.0,80.0,Lotus,63.6,7.4,Fracture,58.3,7.5,Haven,55.6,5.4,Split,54.5,6.5,Abyss,40.0,4.6,Bind,33.3,3.5,Pearl,22.2,2.7
35,TPT Tor Abba#2825,ap,Silver 2,2.0,,109.0,98.0,55.0,155.6,1.2,18.8,53.1,52.0,70.7,20.0,1741.0,1451.0,335.0,247.2,1.43,0.9,375.0,86.0,2.0,51.4,Chamber,40.0,71.0,52.1,1.22,158.2,252.3,24.0,Abyss,67.0,Deadlock,5.0,9.0,44.4,0.98,133.8,210.6,2.0,Abyss,67.0,Sage,3.7,8.0,50.0,1.22,149.0,231.2,16.0,Fracture,67.0,Sentinel,51.1,45.42,1.42,"1,563 / 1,305 / 290",Initiator,100.0,1.0,1.14,13 / 14 / 3,Duelist,75.0,6.2,1.61,160 / 125 / 41,Controller,0.0,0.1,0.86,5 / 7 / 1,Operator,Sniper Rifles,4.0,96.0,0.0,432.0,Vandal,Assault Rifles,34.0,63.0,3.0,358.0,Phantom,Assault Rifles,25.0,69.0,6.0,343.0,Abyss,64.7,11.6,Haven,61.5,8.5,Fracture,61.5,8.4,Lotus,53.8,7.6,Bind,53.3,8.7,Pearl,46.7,7.8,Split,25.0,3.9
36,Feisty Firefly#AFRA,ap,Bronze 3,3.0,,56.0,12.0,6.6,131.0,0.93,19.0,41.7,5.0,68.3,10.0,180.0,194.0,53.0,209.1,1.2,0.7,13.0,7.0,1.0,46.5,Deadlock,3.0,5.0,20.0,0.97,146.1,226.1,10.0,Abyss,0.0,Clove,1.0,2.0,100.0,1.32,174.5,288.1,19.0,Bind,100.0,Sage,1.2,2.0,50.0,0.22,32.9,51.4,108.0,Haven,100.0,Controller,100.0,2.0,1.56,45 / 34 / 8,Sentinel,25.0,2.6,0.99,94 / 134 / 38,Duelist,50.0,1.1,1.85,41 / 26 / 7,,,,,,Vandal,Assault Rifles,38.0,56.0,7.0,47.0,Operator,Sniper Rifles,0.0,100.0,0.0,24.0,Classic,Sidearms,37.0,63.0,0.0,21.0,Haven,100.0,2.0,Pearl,100.0,1.0,Split,50.0,1.1,Bind,33.3,1.2,Fracture,0.0,0.1,Lotus,0.0,0.1,Abyss,0.0,0.2
37,SweetShot#0802,ap,Bronze 2,2.0,,43.0,25.0,13.0,181.8,1.36,25.6,40.0,10.0,75.3,43.0,508.0,373.0,101.0,283.3,1.63,1.0,78.0,13.0,1.0,47.6,Reyna,3.1,6.0,83.3,2.03,232.7,356.9,104.0,Split,100.0,Neon,2.3,4.0,25.0,1.44,177.1,280.6,45.0,Pearl,0.0,Clove,1.8,4.0,25.0,0.85,140.7,226.6,24.0,Split,0.0,Sentinel,25.0,1.3,1.37,63 / 65 / 26,Duelist,53.8,7.5,2.04,327 / 183 / 47,Controller,25.0,2.6,1.17,118 / 125 / 28,,,,,,Vandal,Assault Rifles,40.0,56.0,4.0,232.0,Phantom,Assault Rifles,30.0,67.0,3.0,77.0,Ghost,Sidearms,34.0,58.0,8.0,32.0,Abyss,66.7,2.1,Lotus,50.0,2.2,Fracture,50.0,2.1,Haven,50.0,2.2,Split,40.0,2.3,Bind,0.0,0.2,Pearl,0.0,0.3
38,BOT#7713,ap,Gold 2,2.0,,25.0,15.0,7.7,208.7,1.47,30.7,80.0,12.0,76.2,62.0,321.0,219.0,71.0,312.2,1.79,1.1,38.0,12.0,4.0,60.1,Clove,3.2,6.0,100.0,1.51,229.9,343.5,77.0,Lotus,100.0,Cypher,1.8,4.0,50.0,1.32,184.8,269.9,44.0,Fracture,50.0,Jett,1.2,2.0,50.0,1.02,183.8,277.2,26.0,Pearl,50.0,Sentinel,50.0,2.2,1.46,74 / 56 / 8,Initiator,100.0,2.0,3.64,40 / 14 / 11,Controller,100.0,6.0,1.97,140 / 93 / 43,Duelist,66.7,2.1,1.36,67 / 56 / 9,Vandal,Assault Rifles,43.0,55.0,3.0,229.0,Sheriff,Sidearms,55.0,40.0,5.0,29.0,Ghost,Sidearms,33.0,67.0,0.0,26.0,Abyss,100.0,3.0,Lotus,100.0,2.0,Split,100.0,1.0,Haven,100.0,2.0,Fracture,66.7,2.1,Bind,50.0,1.1,Pearl,50.0,1.1
39,babyzell#kece,ap,Gold 1,1.0,,332.0,49.0,25.0,141.7,1.03,17.3,59.2,29.0,71.0,2.0,713.0,691.0,238.0,216.9,1.38,0.7,93.0,51.0,0.0,53.8,Reyna,10.0,19.0,52.6,1.15,162.6,252.6,12.0,Split,75.0,Sova,5.8,11.0,63.6,1.01,137.0,203.3,6.0,Abyss,67.0,Clove,3.3,7.0,71.4,0.83,123.2,192.8,28.0,Abyss,100.0,Controller,71.4,5.2,1.3,85 / 103 / 49,Initiator,61.5,8.5,1.3,177 / 180 / 57,Sentinel,50.0,4.4,1.06,82 / 108 / 32,Duelist,57.1,12.9,1.56,369 / 300 / 100,Vandal,Assault Rifles,26.0,70.0,4.0,467.0,Ghost,Sidearms,21.0,73.0,6.0,68.0,Bulldog,Assault Rifles,9.0,84.0,7.0,39.0,Split,75.0,6.2,Haven,66.7,2.1,Lotus,66.7,4.2,Abyss,62.5,5.3,Bind,57.1,4.3,Pearl,50.0,4.4,Fracture,44.4,4.5
40,KiAiya#Aizen,ap,Unranked,,,137.0,5.0,2.4,128.3,0.77,13.5,60.0,3.0,67.7,25.0,59.0,77.0,20.0,192.1,1.03,0.6,13.0,2.0,0.0,54.8,Chamber,1.0,2.0,50.0,0.77,130.0,199.0,17.0,Lotus,100.0,Clove,0.9,2.0,50.0,0.71,107.8,157.0,46.0,Pearl,100.0,Jett,0.5,1.0,100.0,0.83,162.2,242.8,4.0,Fracture,100.0,Sentinel,50.0,1.1,0.9,24 / 31 / 4,Controller,50.0,1.1,1.14,20 / 28 / 12,Duelist,100.0,1.0,1.06,15 / 18 / 4,,,,,,Vandal,Assault Rifles,25.0,68.0,7.0,38.0,Operator,Sniper Rifles,0.0,100.0,0.0,3.0,Sheriff,Sidearms,0.0,100.0,0.0,2.0,Pearl,100.0,1.0,Lotus,100.0,1.0,Fracture,50.0,1.1,Abyss,0.0,0.1,,,,,,,,,
41,Neta#Nasty,ap,Gold 3,3.0,,24.0,32.0,16.0,157.6,1.26,24.6,43.8,14.0,73.7,22.0,536.0,424.0,140.0,243.1,1.59,0.9,71.0,30.0,3.0,50.4,Reyna,7.6,15.0,40.0,1.4,175.0,275.0,29.0,Haven,67.0,Jett,3.9,7.0,28.6,1.1,146.1,229.4,12.0,Lotus,0.0,Omen,2.1,4.0,50.0,1.38,165.7,238.6,35.0,Fracture,100.0,Controller,50.0,2.2,1.92,73 / 53 / 29,Duelist,36.4,8.14,1.56,401 / 309 / 81,Sentinel,100.0,2.0,2.46,18 / 13 / 14,Initiator,50.0,2.2,1.22,44 / 49 / 16,Vandal,Assault Rifles,32.0,64.0,4.0,342.0,Ghost,Sidearms,36.0,62.0,3.0,53.0,Sheriff,Sidearms,28.0,70.0,2.0,29.0,Abyss,75.0,3.1,Bind,75.0,3.1,Fracture,75.0,3.1,Haven,40.0,2.3,Lotus,33.3,2.4,Split,16.7,1.5,Pearl,0.0,0.3
42,Aychell#5432,ap,,,,,,,,,,,,,,,,,,,,,,,,,,,,,,,,,,,,,,,,,,,,,,,,,,,,,,,,,,,,,,,,,,,,,,,,,,,,,,,,,,,,,,,,,,,,,,,,,,,,,,,,,,,,,,,,
43,FAYVA#QUEEN,ap,Silver 2,2.0,,155.0,52.0,28.0,154.7,1.17,16.2,48.1,25.0,71.1,17.0,881.0,750.0,290.0,246.4,1.56,0.8,131.0,27.0,4.0,49.9,Tejo,5.0,9.0,88.9,1.2,143.5,221.4,18.0,Split,100.0,Jett,4.9,9.0,22.2,1.25,182.0,301.6,30.0,Pearl,50.0,Gekko,3.2,6.0,66.7,1.01,102.5,160.0,10.0,Fracture,100.0,Duelist,35.3,6.11,1.61,348 / 259 / 68,Controller,37.5,3.5,1.44,114 / 123 / 63,Sentinel,27.3,3.8,1.58,188 / 157 / 60,Initiator,81.3,13.2,1.56,231 / 211 / 99,Vandal,Assault Rifles,24.0,71.0,5.0,347.0,Phantom,Assault Rifles,23.0,70.0,8.0,207.0,Ghost,Sidearms,25.0,66.0,9.0,70.0,Split,77.8,7.2,Pearl,57.1,4.3,Fracture,57.1,4.3,Lotus,50.0,4.4,Bind,50.0,3.3,Abyss,50.0,3.3,Haven,0.0,0.8
44,Lyzzx#Rawrr,ap,Bronze 1,1.0,,107.0,14.0,7.9,91.5,0.7,9.0,50.0,7.0,69.0,42.0,148.0,211.0,98.0,144.7,1.17,0.5,11.0,16.0,0.0,50.0,Skye,1.7,4.0,50.0,0.61,83.0,140.3,53.0,Abyss,100.0,Tejo,2.2,3.0,66.7,0.7,93.2,146.1,43.0,Split,50.0,Chamber,1.0,2.0,50.0,0.52,65.7,105.2,54.0,Lotus,100.0,Sentinel,33.3,1.2,0.96,31 / 46 / 13,Initiator,62.5,5.3,1.23,84 / 124 / 69,Controller,50.0,1.1,1.32,22 / 25 / 11,Duelist,0.0,0.1,1.0,11 / 16 / 5,Vandal,Assault Rifles,14.0,75.0,11.0,36.0,Ares,Heavy Weapons,8.0,68.0,24.0,18.0,Classic,Sidearms,12.0,78.0,10.0,16.0,Bind,100.0,2.0,Haven,100.0,1.0,Pearl,100.0,1.0,Abyss,50.0,1.1,Lotus,50.0,1.1,Split,25.0,1.3,Fracture,0.0,0.2
45,zoomin#4564,ap,Bronze 1,1.0,,72.0,22.0,12.0,144.2,0.94,10.3,31.8,7.0,68.3,8.0,307.0,327.0,124.0,223.2,1.32,0.7,57.0,14.0,1.0,44.0,Gekko,2.4,5.0,40.0,1.05,132.0,208.3,10.0,Split,50.0,Reyna,1.9,4.0,50.0,1.11,147.4,228.0,32.0,Abyss,50.0,Neon,1.6,3.0,33.3,0.89,148.5,240.5,9.0,Lotus,100.0,Duelist,44.4,4.5,1.44,131 / 124 / 47,Sentinel,0.0,0.3,1.24,49 / 51 / 14,Initiator,33.3,3.6,1.27,119 / 137 / 55,Controller,0.0,0.1,1.07,8 / 15 / 8,Vandal,Assault Rifles,19.0,74.0,7.0,109.0,Odin,Heavy Weapons,7.0,77.0,16.0,38.0,Ghost,Sidearms,14.0,73.0,13.0,35.0,Split,66.7,2.1,Pearl,50.0,1.1,Lotus,33.3,1.2,Bind,33.3,1.2,Haven,25.0,1.3,Abyss,20.0,1.4,Fracture,0.0,0.2
46,Cfikri950#1989,ap,Bronze 3,3.0,,95.0,36.0,21.0,168.0,1.13,13.4,41.7,15.0,68.5,15.0,689.0,610.0,169.0,266.7,1.41,0.9,171.0,24.0,2.0,47.5,Neon,18.0,31.0,48.4,1.17,171.6,274.3,20.0,Lotus,60.0,Phoenix,1.2,2.0,0.0,1.31,201.7,304.0,32.0,Bind,0.0,Sage,0.6,1.0,0.0,0.67,83.1,129.3,46.0,Abyss,0.0,Duelist,44.1,15.18,1.43,666 / 575 / 158,Sentinel,0.0,0.1,1.07,10 / 15 / 6,Initiator,0.0,0.1,0.9,13 / 20 / 5,,,,,,Vandal,Assault Rifles,24.0,70.0,7.0,326.0,Bucky,Shotguns,11.0,79.0,11.0,67.0,Odin,Heavy Weapons,9.0,61.0,30.0,61.0,Lotus,60.0,3.1,Abyss,50.0,3.3,Bind,50.0,3.3,Pearl,50.0,2.2,Fracture,40.0,2.3,Haven,25.0,1.3,Split,16.7,1.5
47,DiaCE7Z#MLOPS,ap,Silver 1,1.0,,175.0,73.0,41.0,128.2,0.97,8.9,46.6,34.0,69.1,3.0,1021.0,1052.0,366.0,202.9,1.32,0.7,127.0,55.0,0.0,48.8,Cypher,22.0,39.0,48.7,1.02,124.9,197.8,1.0,Bind,50.0,Yoru,6.0,10.0,50.0,0.99,145.3,231.4,1.0,Lotus,100.0,Sova,4.1,7.0,71.4,1.24,154.1,248.9,26.0,Haven,100.0,Initiator,54.5,6.5,1.54,172 / 154 / 65,Controller,28.6,2.5,1.1,81 / 114 / 44,Sentinel,46.7,21.24,1.32,601 / 615 / 209,Duelist,50.0,5.5,1.27,167 / 169 / 48,Vandal,Assault Rifles,10.0,73.0,17.0,323.0,Phantom,Assault Rifles,10.0,74.0,15.0,272.0,Classic,Sidearms,20.0,72.0,8.0,103.0,Lotus,66.7,6.3,Fracture,62.5,5.3,Pearl,55.6,5.4,Split,50.0,7.7,Bind,40.0,4.6,Abyss,33.3,4.8,Haven,27.3,3.8
48,KaciwGG#5507,ap,Bronze 1,1.0,,169.0,14.0,7.5,117.8,0.97,13.4,35.7,5.0,68.8,7.0,175.0,180.0,75.0,182.9,1.39,0.7,14.0,5.0,0.0,43.6,Deadlock,1.9,3.0,66.7,1.16,124.2,192.2,10.0,Lotus,100.0,Phoenix,0.9,2.0,0.0,0.59,101.9,152.2,60.0,Abyss,0.0,Breach,0.8,2.0,50.0,1.8,137.0,252.9,28.0,Lotus,100.0,Sentinel,66.7,2.1,1.6,50 / 43 / 19,Duelist,25.0,1.3,1.07,39 / 56 / 21,Initiator,25.0,1.3,1.52,47 / 42 / 17,Controller,33.3,1.2,1.46,39 / 39 / 18,Vandal,Assault Rifles,19.0,74.0,6.0,54.0,Phantom,Assault Rifles,16.0,68.0,17.0,30.0,Ghost,Sidearms,38.0,60.0,2.0,21.0,Split,100.0,1.0,Lotus,100.0,2.0,Abyss,33.3,1.2,Haven,33.3,1.2,Pearl,0.0,0.2,Fracture,0.0,0.2,Bind,0.0,0.1
0,INF Starmarine#6969,ap,Unranked,,,33.0,5.0,2.8,161.5,1.57,9.7,40.0,2.0,78.2,50.0,91.0,58.0,32.0,254.4,2.12,0.9,4.0,4.0,0.0,52.5,Omen,1.0,2.0,100.0,2.38,176.1,298.1,88.0,Fracture,100.0,Chamber,0.6,1.0,0.0,1.27,171.3,249.0,22.0,Bind,0.0,Fade,0.6,1.0,0.0,1.58,140.4,225.6,47.0,Split,0.0,Sentinel,0.0,0.1,1.6,19 / 15 / 5,Controller,100.0,2.0,3.19,38 / 16 / 13,Initiator,0.0,0.2,1.78,34 / 27 / 14,,,,,,Vandal,Assault Rifles,14.0,72.0,15.0,42.0,Phantom,Assault Rifles,16.0,54.0,30.0,16.0,Spectre,SMGs,5.0,95.0,0.0,6.0,Fracture,100.0,1.0,Split,50.0,1.1,Bind,0.0,0.2,,,,,,,,,,,,
0,AnasBro#4455,ap,Iron 2,2.0,,25.0,34.0,20.0,126.7,0.78,10.2,44.1,15.0,66.3,24.0,458.0,590.0,162.0,193.4,1.05,0.6,74.0,19.0,0.0,46.8,Phoenix,11.0,20.0,45.0,0.79,135.4,201.9,17.0,Fracture,75.0,Sage,2.9,5.0,40.0,0.56,87.3,132.3,52.0,Fracture,100.0,Reyna,2.4,4.0,50.0,1.03,158.2,269.2,11.0,Bind,50.0,Sentinel,33.3,2.4,0.76,54 / 108 / 28,Duelist,45.8,11.13,1.13,342 / 410 / 122,Controller,50.0,2.2,1.03,62 / 72 / 12,,,,,,Vandal,Assault Rifles,18.0,65.0,17.0,232.0,Ares,Heavy Weapons,11.0,66.0,24.0,71.0,Ghost,Sidearms,10.0,71.0,19.0,39.0,Haven,100.0,2.0,Fracture,66.7,4.2,Pearl,60.0,3.2,Abyss,50.0,3.3,Lotus,50.0,2.2,Bind,14.3,1.6,Split,0.0,0.4
1,Nirob011#1075,ap,Iron 2,2.0,,26.0,39.0,21.0,105.3,0.69,14.8,51.3,20.0,61.8,28.0,410.0,595.0,150.0,158.0,0.94,0.5,41.0,22.0,0.0,46.9,Jett,6.6,12.0,41.7,0.78,120.4,179.2,13.0,Haven,100.0,Gekko,5.1,9.0,55.6,0.64,94.6,145.1,35.0,Bind,100.0,Clove,3.8,8.0,62.5,0.62,96.5,140.9,32.0,Pearl,100.0,Initiator,45.5,5.6,0.82,101 / 175 / 43,Duelist,50.0,9.9,1.02,224 / 287 / 68,Controller,62.5,5.3,0.89,65 / 104 / 28,Sentinel,50.0,1.1,1.07,20 / 29 / 11,Vandal,Assault Rifles,26.0,67.0,8.0,203.0,Ghost,Sidearms,33.0,62.0,5.0,41.0,Odin,Heavy Weapons,10.0,57.0,33.0,38.0,Pearl,83.3,5.1,Fracture,80.0,4.1,Haven,66.7,4.2,Bind,57.1,4.3,Abyss,33.3,1.2,Lotus,28.6,2.5,Split,0.0,0.5
2,Black444#8008,ap,Iron 2,2.0,,29.0,60.0,33.0,96.4,0.66,9.3,53.3,32.0,62.9,45.0,627.0,947.0,323.0,152.4,1.0,0.5,72.0,28.0,0.0,47.8,Sage,20.0,36.0,58.3,0.63,90.3,142.6,51.0,Pearl,50.0,Viper,5.7,10.0,50.0,0.64,87.6,140.8,54.0,Lotus,40.0,Skye,5.0,10.0,30.0,0.61,102.6,158.9,42.0,Haven,50.0,Controller,50.0,5.5,0.83,107 / 167 / 32,Initiator,36.4,4.7,1.18,117 / 165 / 78,Sentinel,58.3,21.15,0.99,351 / 557 / 199,Duelist,66.7,2.1,1.14,52 / 58 / 14,Vandal,Assault Rifles,15.0,71.0,14.0,139.0,Odin,Heavy Weapons,9.0,66.0,24.0,105.0,Phantom,Assault Rifles,11.0,73.0,16.0,99.0,Fracture,77.8,7.2,Bind,71.4,5.2,Pearl,55.6,5.4,Split,50.0,4.4,Abyss,50.0,4.4,Haven,44.4,4.5,Lotus,30.0,3.7
3,ELM ZEKO#8483,ap,Bronze 2,2.0,,84.0,40.0,22.0,162.0,1.25,14.4,52.5,21.0,73.4,28.0,710.0,569.0,214.0,251.8,1.62,0.9,108.0,30.0,1.0,52.4,Reyna,7.0,12.0,58.3,1.44,177.3,279.9,40.0,Abyss,100.0,Neon,5.1,10.0,80.0,1.38,168.3,264.4,40.0,Pearl,100.0,Sage,2.8,5.0,20.0,0.84,117.0,186.5,24.0,Fracture,0.0,Duelist,62.5,15.8,1.7,468 / 339 / 107,Initiator,37.5,3.5,1.53,133 / 121 / 52,Sentinel,20.0,1.4,1.32,62 / 74 / 36,Controller,66.7,2.1,1.89,47 / 35 / 19,Vandal,Assault Rifles,25.0,68.0,8.0,269.0,Phantom,Assault Rifles,17.0,71.0,12.0,75.0,Ghost,Sidearms,31.0,63.0,5.0,70.0,Fracture,71.4,5.2,Abyss,71.4,5.2,Haven,60.0,3.2,Pearl,57.1,4.3,Split,40.0,2.3,Lotus,25.0,1.3,Bind,20.0,1.3
4,ELM Asher#5331,ap,Bronze 1,1.0,,64.0,27.0,16.0,160.2,1.15,16.8,48.1,13.0,73.1,20.0,488.0,424.0,154.0,245.7,1.51,0.9,58.0,19.0,2.0,51.3,Gekko,9.4,16.0,56.2,1.17,151.2,236.6,19.0,Fracture,67.0,Neon,2.3,4.0,25.0,1.11,177.2,261.5,27.0,Pearl,0.0,Clove,2.0,3.0,0.0,1.09,189.7,281.2,16.0,Bind,0.0,Initiator,56.3,9.6,1.54,283 / 241 / 89,Controller,0.0,0.4,1.45,87 / 83 / 33,Sentinel,100.0,1.0,2.33,18 / 9 / 3,Duelist,50.0,3.3,1.42,100 / 91 / 29,Vandal,Assault Rifles,28.0,63.0,9.0,227.0,Phantom,Assault Rifles,16.0,70.0,14.0,64.0,Spectre,SMGs,18.0,62.0,20.0,56.0,Haven,100.0,2.0,Fracture,75.0,3.1,Abyss,66.7,2.1,Lotus,50.0,2.2,Pearl,50.0,3.3,Split,25.0,1.3,Bind,0.0,0.3
5,JAGUAR ?#0001,ap,,,,,,,,,,,,,,,,,,,,,,,,,,,,,,,,,,,,,,,,,,,,,,,,,,,,,,,,,,,,,,,,,,,,,,,,,,,,,,,,,,,,,,,,,,,,,,,,,,,,,,,,,,,,,,,,
6,I almost had her#690,ap,Silver 1,1.0,,119.0,113.0,65.0,158.9,1.19,18.5,54.9,62.0,73.3,24.0,1969.0,1661.0,512.0,241.4,1.49,0.9,291.0,76.0,4.0,51.4,Omen,29.0,53.0,60.4,1.15,148.7,225.3,20.0,Fracture,75.0,Jett,14.0,24.0,54.2,1.32,172.5,263.1,39.0,Pearl,50.0,Clove,4.8,8.0,37.5,1.28,208.2,316.5,39.0,Abyss,50.0,Sentinel,66.7,6.3,1.44,129 / 124 / 49,Duelist,52.6,20.17,1.54,758 / 584 / 143,Initiator,20.0,1.4,0.93,49 / 71 / 17,Controller,57.4,35.23,1.51,"1,033 / 882 / 303",Vandal,Assault Rifles,25.0,70.0,5.0,1199.0,Operator,Sniper Rifles,9.0,91.0,0.0,235.0,Ghost,Sidearms,27.0,69.0,4.0,207.0,Split,62.5,10.5,Haven,60.0,9.6,Pearl,58.8,10.6,Abyss,56.2,9.7,Lotus,53.3,8.7,Fracture,52.9,9.7,Bind,41.2,7.9
7,Binod OP#Nicee,ap,Silver 1,1.0,,74.0,117.0,68.0,129.7,0.91,15.4,53.0,62.0,68.9,10.0,1628.0,1786.0,628.0,195.7,1.26,0.7,134.0,85.0,1.0,50.5,Tejo,24.0,41.0,53.7,0.86,126.5,188.2,10.0,Split,71.0,Sage,13.0,25.0,68.0,1.0,122.2,189.9,8.0,Lotus,80.0,Reyna,8.8,13.0,38.5,1.05,145.9,222.7,10.0,Pearl,67.0,Initiator,51.9,27.23,1.22,704 / 808 / 280,Duelist,40.6,13.17,1.18,496 / 532 / 133,Controller,71.4,5.2,1.23,98 / 111 / 38,Sentinel,65.4,17.9,1.51,330 / 335 / 177,Vandal,Assault Rifles,22.0,72.0,6.0,842.0,Phantom,Assault Rifles,18.0,71.0,11.0,257.0,Ghost,Sidearms,29.0,66.0,5.0,172.0,Pearl,60.0,9.5,Fracture,58.8,10.6,Haven,58.3,7.5,Split,55.6,10.7,Lotus,55.6,10.8,Abyss,47.4,9.1,Bind,38.9,7.1
8,Adhish Dhakal#20077,ap,,,,,,,,,,,,,,,,,,,,,,,,,,,,,,,,,,,,,,,,,,,,,,,,,,,,,,,,,,,,,,,,,,,,,,,,,,,,,,,,,,,,,,,,,,,,,,,,,,,,,,,,,,,,,,,,
9,BRP#00000,ap,Iron 3,3.0,,38.0,58.0,34.0,97.3,0.72,8.3,50.0,29.0,67.2,28.0,600.0,832.0,395.0,148.3,1.2,0.5,38.0,43.0,0.0,50.2,Sage,24.0,39.0,53.8,0.69,91.4,141.0,33.0,Haven,57.0,Gekko,2.9,6.0,83.3,0.86,96.6,136.8,16.0,Haven,50.0,Killjoy,2.6,4.0,25.0,1.0,155.7,219.1,27.0,Bind,100.0,Sentinel,51.2,22.2,1.23,458 / 635 / 326,Controller,50.0,2.2,1.12,54 / 72 / 27,Initiator,71.4,5.2,1.19,58 / 74 / 30,Duelist,0.0,0.4,0.82,30 / 51 / 12,Vandal,Assault Rifles,12.0,80.0,8.0,248.0,Ghost,Sidearms,17.0,74.0,9.0,91.0,Phantom,Assault Rifles,6.0,84.0,10.0,74.0,Bind,70.0,7.3,Split,57.1,4.2,Pearl,57.1,4.3,Haven,50.0,5.5,Lotus,44.4,4.5,Fracture,33.3,2.4,Abyss,33.3,3.6
10,Daisyy#noob,ap,Bronze 1,1.0,,22.0,11.0,6.7,111.5,0.83,21.7,54.5,6.0,63.2,16.0,134.0,162.0,27.0,163.0,0.99,0.6,25.0,9.0,0.0,52.6,Jett,4.9,8.0,50.0,0.76,106.4,158.5,26.0,Split,33.0,Sage,1.1,2.0,50.0,1.0,125.0,171.7,6.0,Pearl,100.0,Clove,0.5,1.0,100.0,1.18,123.7,180.8,19.0,Haven,100.0,Sentinel,50.0,1.1,1.3,27 / 27 / 8,Duelist,50.0,4.4,0.86,94 / 124 / 13,Controller,100.0,1.0,1.73,13 / 11 / 6,,,,,,Vandal,Assault Rifles,31.0,61.0,8.0,95.0,Ghost,Sidearms,44.0,50.0,6.0,17.0,Spectre,SMGs,13.0,78.0,8.0,15.0,Abyss,100.0,1.0,Pearl,100.0,2.0,Haven,100.0,1.0,Lotus,50.0,1.1,Split,33.3,1.2,Fracture,0.0,0.1,Bind,0.0,0.1
11,7Sy Akatsuki#3213,ap,Silver 1,1.0,,246.0,213.0,122.0,147.1,1.07,11.6,46.5,99.0,73.1,11.0,3298.0,3079.0,1139.0,229.0,1.44,0.8,452.0,124.0,4.0,49.4,Reyna,35.0,62.0,43.5,1.2,171.1,267.0,28.0,Pearl,73.0,Deadlock,28.0,50.0,52.0,0.98,132.7,206.5,3.0,Lotus,59.0,Cypher,20.0,36.0,52.8,1.06,136.4,212.9,12.0,Haven,69.0,Duelist,41.4,29.39,1.54,"1,218 / 1,027 / 363",Sentinel,49.6,62.59,1.42,"1,832 / 1,766 / 673",Initiator,50.0,5.5,1.42,160 / 156 / 62,Controller,37.5,3.5,0.99,88 / 130 / 41,Phantom,Assault Rifles,14.0,75.0,10.0,990.0,Vandal,Assault Rifles,19.0,73.0,8.0,736.0,Spectre,SMGs,13.0,75.0,11.0,562.0,Pearl,60.7,17.1,Haven,56.7,17.12,Bind,51.6,16.15,Lotus,42.4,14.18,Split,41.9,13.16,Fracture,37.9,11.17,Abyss,35.5,11.2
12,7Sy Komdi#dgm,ap,Bronze 1,1.0,,76.0,156.0,91.0,139.9,1.05,16.0,50.6,79.0,68.5,4.0,2414.0,2305.0,689.0,217.2,1.35,0.8,223.0,88.0,5.0,50.7,Omen,64.0,112.0,49.1,1.04,139.3,215.5,5.0,Bind,69.0,Reyna,20.0,33.0,60.6,1.12,151.4,236.4,9.0,Fracture,63.0,Cypher,1.6,3.0,33.3,1.08,115.6,190.9,11.0,Bind,0.0,Controller,49.1,55.53,1.35,"1,700 / 1,634 / 507",Sentinel,25.0,1.3,1.19,47 / 52 / 15,Initiator,50.0,3.3,1.14,70 / 86 / 28,Duelist,58.8,20.13,1.38,597 / 533 / 139,Vandal,Assault Rifles,21.0,73.0,6.0,1098.0,Phantom,Assault Rifles,19.0,75.0,6.0,390.0,Spectre,SMGs,19.0,74.0,7.0,346.0,Bind,56.5,13.9,Haven,56.0,14.9,Pearl,54.2,13.9,Abyss,52.4,11.1,Fracture,50.0,11.11,Lotus,45.0,9.11,Split,38.1,8.13
13,BabitaJiiii#HOT,ap,Bronze 1,1.0,,88.0,133.0,77.0,115.3,0.74,12.6,47.4,63.0,64.3,29.0,1586.0,2148.0,764.0,174.3,1.09,0.6,162.0,76.0,1.0,50.1,Sage,25.0,43.0,60.5,0.78,113.5,173.6,26.0,Pearl,67.0,Sova,14.0,26.0,42.3,0.76,126.3,190.2,20.0,Lotus,60.0,Gekko,11.0,18.0,44.4,0.77,117.0,172.6,26.0,Abyss,67.0,Initiator,45.5,25.28,1.08,656 / 878 / 292,Sentinel,55.8,29.2,1.19,620 / 806 / 343,Controller,36.8,7.11,0.92,230 / 356 / 97,Duelist,28.6,2.4,1.04,80 / 108 / 32,Vandal,Assault Rifles,18.0,71.0,11.0,665.0,Spectre,SMGs,16.0,70.0,14.0,232.0,Phantom,Assault Rifles,15.0,72.0,13.0,221.0,Haven,60.0,9.4,Fracture,58.8,10.6,Abyss,50.0,10.1,Pearl,50.0,11.9,Bind,42.1,8.1,Lotus,39.1,9.14,Split,35.3,6.1
14,7Sy IgHITLIVE#HW10,ap,Bronze 2,2.0,,91.0,106.0,59.0,156.6,1.13,14.5,52.8,56.0,72.2,18.0,1722.0,1526.0,494.0,241.9,1.45,0.8,262.0,51.0,0.0,50.7,Iso,31.0,54.0,55.6,1.15,164.5,249.9,24.0,Lotus,88.0,Sage,10.0,18.0,38.9,1.04,135.7,218.7,4.0,Haven,75.0,Omen,7.3,15.0,46.7,1.02,138.7,216.4,0.0,Pearl,67.0,Sentinel,38.9,7.11,1.45,279 / 267 / 109,Initiator,66.7,6.3,1.54,150 / 131 / 52,Duelist,56.3,36.27,1.46,"1,100 / 939 / 275",Controller,46.7,7.8,1.33,193 / 189 / 58,Vandal,Assault Rifles,19.0,71.0,10.0,649.0,Phantom,Assault Rifles,22.0,69.0,9.0,254.0,Bulldog,Assault Rifles,21.0,72.0,7.0,244.0,Haven,64.7,11.6,Abyss,61.5,8.5,Lotus,52.6,10.9,Split,50.0,8.8,Bind,50.0,7.7,Pearl,46.2,6.6,Fracture,42.9,6.8
15,INF Starmarine#6969,ap,Unranked,,,33.0,5.0,2.8,161.5,1.57,9.7,40.0,2.0,78.2,50.0,91.0,58.0,32.0,254.4,2.12,0.9,4.0,4.0,0.0,52.5,Omen,1.0,2.0,100.0,2.38,176.1,298.1,88.0,Fracture,100.0,Gekko,0.5,1.0,0.0,1.0,151.7,220.0,20.0,Bind,0.0,Chamber,0.6,1.0,0.0,1.27,171.3,249.0,22.0,Bind,0.0,Initiator,0.0,0.2,1.78,34 / 27 / 14,Sentinel,0.0,0.1,1.6,19 / 15 / 5,Controller,100.0,2.0,3.19,38 / 16 / 13,,,,,,Vandal,Assault Rifles,14.0,72.0,15.0,42.0,Phantom,Assault Rifles,16.0,54.0,30.0,16.0,Spectre,SMGs,5.0,95.0,0.0,6.0,Fracture,100.0,1.0,Split,50.0,1.1,Bind,0.0,0.2,,,,,,,,,,,,
16,undhani#no1,ap,Unranked,,,63.0,2.0,1.3,172.4,1.34,13.1,50.0,1.0,73.3,47.0,43.0,32.0,11.0,269.7,1.69,1.0,1.0,1.0,0.0,46.7,Vyse,0.6,1.0,0.0,0.94,141.7,215.3,4.0,Bind,0.0,Sova,0.7,1.0,100.0,1.86,199.2,317.3,84.0,Abyss,100.0,,,,,,,,,,,Sentinel,0.0,0.1,1.17,17 / 18 / 4,Initiator,100.0,1.0,2.36,26 / 14 / 7,,,,,,,,,,,Vandal,Assault Rifles,18.0,77.0,5.0,17.0,Phantom,Assault Rifles,33.0,53.0,13.0,7.0,Operator,Sniper Rifles,0.0,100.0,0.0,5.0,Abyss,100.0,1.0,Bind,0.0,0.1,,,,,,,,,,,,,,,
17,i miss her#anwes,ap,Gold 2,2.0,,103.0,89.0,53.0,167.3,1.26,20.3,49.4,44.0,72.5,31.0,1762.0,1398.0,350.0,259.9,1.51,0.9,258.0,58.0,5.0,50.8,Jett,39.0,66.0,51.5,1.26,172.0,267.5,34.0,Pearl,70.0,Sage,8.8,15.0,53.3,1.23,148.5,226.5,19.0,Split,80.0,Reyna,2.5,4.0,25.0,1.32,162.8,260.8,19.0,Haven,100.0,Duelist,49.3,35.34,1.48,"1,425 / 1,134 / 249",Sentinel,47.1,8.9,1.62,310 / 249 / 93,Initiator,100.0,1.0,2.33,27 / 15 / 8,,,,,,Vandal,Assault Rifles,26.0,70.0,4.0,1283.0,Ghost,Sidearms,39.0,60.0,1.0,151.0,Marshal,Sniper Rifles,13.0,88.0,0.0,64.0,Haven,69.2,9.4,Pearl,66.7,8.4,Abyss,46.2,6.7,Split,46.2,6.6,Fracture,42.9,6.8,Lotus,40.0,4.6,Bind,35.7,5.8
18,Kwik#2801,ap,Gold 1,1.0,,190.0,102.0,60.0,156.3,1.16,21.7,48.0,49.0,72.7,22.0,1774.0,1529.0,477.0,233.6,1.47,0.8,210.0,81.0,7.0,50.2,Jett,33.0,57.0,47.4,1.22,164.2,242.2,31.0,Lotus,69.0,Clove,9.0,16.0,62.5,1.03,145.5,222.2,1.0,Haven,50.0,Reyna,4.5,8.0,37.5,1.19,164.4,253.7,18.0,Pearl,67.0,Duelist,45.5,30.35,1.46,"1,192 / 986 / 251",Initiator,45.5,5.6,1.61,172 / 166 / 95,Controller,60.0,12.7,1.4,316 / 304 / 110,Sentinel,40.0,2.3,1.58,94 / 73 / 21,Vandal,Assault Rifles,31.0,64.0,5.0,1086.0,Ghost,Sidearms,31.0,67.0,2.0,220.0,Marshal,Sniper Rifles,33.0,65.0,2.0,94.0,Haven,62.5,10.6,Lotus,58.8,10.7,Fracture,50.0,8.8,Pearl,46.2,6.6,Abyss,46.2,6.7,Bind,35.7,5.9,Split,30.8,4.8
0,krish543211#4852,ap,Silver 1,1.0,,185.0,108.0,63.0,127.1,0.9,19.1,41.7,45.0,69.3,11.0,1529.0,1706.0,602.0,195.8,1.25,0.7,221.0,65.0,0.0,48.6,Cypher,18.0,30.0,26.7,0.87,117.3,178.7,13.0,Split,31.0,Skye,16.0,29.0,48.3,0.84,122.4,187.9,15.0,Haven,83.0,Clove,6.7,12.0,50.0,0.85,147.1,224.8,16.0,Haven,67.0,Initiator,48.7,19.19,1.24,495 / 602 / 249,Controller,46.2,6.7,1.17,198 / 241 / 83,Sentinel,36.2,17.28,1.22,650 / 725 / 234,Duelist,33.3,3.6,1.61,186 / 138 / 36,Vandal,Assault Rifles,32.0,65.0,2.0,681.0,Phantom,Assault Rifles,26.0,70.0,5.0,216.0,Spectre,SMGs,19.0,77.0,5.0,197.0,Lotus,62.5,10.6,Haven,52.9,9.8,Abyss,50.0,7.7,Fracture,38.9,7.11,Pearl,38.5,5.7,Split,25.0,4.11,Bind,21.4,3.1
1,Zurich#6969,ap,Silver 1,1.0,,186.0,37.0,21.0,158.9,1.06,22.7,45.9,17.0,69.6,11.0,632.0,597.0,162.0,239.9,1.33,0.8,115.0,17.0,0.0,48.5,Reyna,18.0,32.0,43.8,1.13,168.0,255.0,20.0,Fracture,56.0,Gekko,2.1,3.0,66.7,0.69,103.6,151.0,36.0,Abyss,50.0,Iso,0.8,1.0,100.0,0.75,114.9,169.0,24.0,Bind,100.0,Duelist,44.1,15.18,1.37,595 / 543 / 147,Initiator,66.7,2.1,0.96,37 / 54 / 15,,,,,,,,,,,Vandal,Assault Rifles,33.0,62.0,5.0,453.0,Sheriff,Sidearms,33.0,65.0,2.0,76.0,Spectre,SMGs,16.0,74.0,10.0,17.0,Abyss,75.0,3.1,Pearl,75.0,3.1,Fracture,55.6,5.4,Lotus,50.0,3.2,Bind,28.6,2.5,Haven,25.0,1.3,Split,0.0,0.3
2,clay#4309,ap,Silver 2,2.0,,282.0,75.0,44.0,148.3,0.95,16.3,48.0,36.0,65.7,1.0,1182.0,1246.0,338.0,218.6,1.22,0.7,173.0,46.0,1.0,49.8,Raze,42.0,70.0,50.0,0.95,150.0,220.8,2.0,Lotus,70.0,Chamber,1.1,2.0,0.0,0.97,124.3,199.2,25.0,Abyss,0.0,Tejo,0.5,1.0,0.0,0.25,70.6,104.2,92.0,Pearl,0.0,Sentinel,0.0,0.2,1.09,34 / 35 / 4,Duelist,50.0,36.34,1.23,"1,144 / 1,195 / 327",Initiator,0.0,0.1,0.69,4 / 16 / 7,,,,,,Vandal,Assault Rifles,27.0,69.0,4.0,580.0,Marshal,Sniper Rifles,53.0,46.0,1.0,116.0,Ghost,Sidearms,33.0,66.0,1.0,70.0,Lotus,70.0,7.3,Haven,60.0,6.4,Abyss,53.8,7.6,Pearl,50.0,5.5,Split,45.5,5.5,Fracture,36.4,4.7,Bind,20.0,2.7
3,lokimoy#senn,ap,Bronze 2,2.0,,176.0,138.0,79.0,123.1,0.77,18.6,47.1,65.0,66.1,31.0,1873.0,2447.0,784.0,192.5,1.09,0.7,284.0,80.0,3.0,49.9,Brimstone,26.0,45.0,48.9,0.8,128.7,200.7,22.0,Lotus,50.0,Clove,20.0,36.0,52.8,0.8,142.4,221.9,30.0,Haven,62.0,Tejo,9.8,17.0,52.9,0.73,104.8,164.6,39.0,Abyss,67.0,Controller,50.6,45.43,1.16,"1,275 / 1,610 / 585",Initiator,50.0,11.11,0.99,264 / 374 / 105,Sentinel,33.3,9.18,0.92,334 / 463 / 94,,,,,,Vandal,Assault Rifles,30.0,66.0,4.0,603.0,Phantom,Assault Rifles,25.0,71.0,5.0,363.0,Spectre,SMGs,20.0,72.0,8.0,220.0,Haven,66.7,10.5,Pearl,55.0,11.8,Lotus,50.0,10.1,Abyss,45.8,11.13,Fracture,42.9,9.12,Split,40.0,6.9,Bind,34.8,8.15
4,SID#POLS,ap,Silver 2,2.0,,202.0,49.0,28.0,151.4,1.03,16.6,42.9,21.0,68.3,6.0,801.0,776.0,249.0,227.7,1.35,0.8,100.0,39.0,0.0,48.3,Jett,15.0,27.0,29.6,1.03,163.7,246.2,11.0,Fracture,75.0,Cypher,3.3,6.0,66.7,1.04,125.9,192.9,7.0,Bind,100.0,Reyna,2.7,5.0,80.0,1.25,171.9,258.0,33.0,Abyss,100.0,Duelist,40.0,14.21,1.35,598 / 564 / 166,Sentinel,66.7,4.2,1.43,85 / 82 / 32,Initiator,42.9,3.2,1.27,105 / 114 / 40,Controller,0.0,0.1,1.5,13 / 16 / 11,Vandal,Assault Rifles,22.0,72.0,6.0,495.0,Ghost,Sidearms,24.0,70.0,6.0,95.0,Sheriff,Sidearms,43.0,55.0,3.0,75.0,Fracture,80.0,8.2,Pearl,60.0,3.2,Bind,37.5,3.4,Lotus,33.3,2.4,Abyss,33.3,2.4,Haven,25.0,2.6,Split,16.7,1.4
5,ITzDemonSlaywer#9015,ap,Silver 2,2.0,,85.0,140.0,83.0,188.7,1.29,21.8,50.7,71.0,73.1,42.0,3006.0,2325.0,769.0,290.0,1.62,1.0,451.0,95.0,11.0,50.9,Clove,24.0,42.0,52.4,1.33,203.9,311.5,48.0,Bind,78.0,Reyna,14.0,23.0,39.1,1.31,191.8,293.0,45.0,Fracture,50.0,Sage,8.3,13.0,30.8,1.31,174.7,277.9,34.0,Pearl,50.0,Sentinel,36.4,8.14,1.74,472 / 351 / 138,Duelist,54.9,28.22,1.6,"1,094 / 846 / 256",Initiator,54.5,12.9,1.59,418 / 339 / 120,Controller,51.1,23.22,1.62,"1,022 / 789 / 255",Vandal,Assault Rifles,29.0,67.0,4.0,1468.0,Phantom,Assault Rifles,26.0,70.0,4.0,617.0,Classic,Sidearms,37.0,59.0,5.0,178.0,Bind,68.2,15.7,Split,63.6,14.8,Haven,50.0,10.1,Lotus,47.6,10.11,Fracture,47.4,9.1,Pearl,40.0,6.9,Abyss,33.3,7.12
6,xPHANTOM#0010,ap,Bronze 1,1.0,,34.0,123.0,70.0,123.4,0.82,19.1,44.7,55.0,66.5,18.0,1682.0,2043.0,548.0,188.2,1.09,0.7,222.0,84.0,1.0,49.4,Clove,17.0,28.0,39.3,0.91,151.1,233.0,10.0,Lotus,60.0,Raze,16.0,28.0,53.6,0.77,118.6,175.6,14.0,Haven,75.0,Cypher,11.0,21.0,42.9,0.88,123.1,188.6,8.0,Fracture,75.0,Sentinel,45.7,21.25,1.09,571 / 699 / 190,Controller,41.2,14.19,1.17,591 / 653 / 170,Duelist,51.7,15.14,1.06,369 / 474 / 132,Initiator,35.7,5.9,0.95,151 / 217 / 56,Vandal,Assault Rifles,27.0,67.0,6.0,1056.0,Spectre,SMGs,18.0,75.0,7.0,177.0,Ghost,Sidearms,40.0,57.0,3.0,168.0,Bind,60.0,9.6,Fracture,55.6,10.8,Split,50.0,9.9,Pearl,47.1,8.9,Lotus,42.1,8.11,Haven,38.9,7.11,Abyss,22.2,4.13
7,GuJJu DoN#o65,ap,Bronze 1,1.0,,66.0,75.0,43.0,180.3,1.12,17.4,53.3,40.0,70.9,31.0,1528.0,1363.0,470.0,281.5,1.47,1.0,259.0,54.0,3.0,52.1,Clove,28.0,50.0,60.0,1.15,192.8,301.5,35.0,Fracture,80.0,Sage,5.3,8.0,25.0,1.25,171.6,280.4,36.0,Pearl,50.0,Jett,2.8,5.0,60.0,1.04,154.9,241.0,23.0,Abyss,33.0,Sentinel,36.4,4.7,1.53,226 / 191 / 66,Initiator,0.0,0.2,1.05,34 / 40 / 8,Duelist,50.0,6.6,1.25,203 / 204 / 51,Controller,60.0,30.2,1.52,"1,065 / 928 / 345",Vandal,Assault Rifles,24.0,71.0,5.0,505.0,Phantom,Assault Rifles,22.0,73.0,6.0,420.0,Spectre,SMGs,20.0,76.0,4.0,273.0,Fracture,76.9,10.3,Bind,70.0,7.3,Split,70.0,7.3,Haven,54.5,6.5,Lotus,37.5,3.5,Pearl,36.4,4.7,Abyss,25.0,3.9
8,xNeha#000,ap,Bronze 2,2.0,,83.0,58.0,32.0,186.2,1.3,21.4,55.2,32.0,69.5,45.0,1138.0,874.0,242.0,282.4,1.58,1.0,210.0,50.0,9.0,52.5,Reyna,23.0,42.0,59.5,1.34,195.6,295.7,53.0,Pearl,67.0,Sage,2.9,5.0,40.0,1.0,138.3,213.0,6.0,Pearl,0.0,Chamber,1.1,2.0,50.0,1.55,234.8,356.9,87.0,Pearl,100.0,Duelist,57.8,26.19,1.57,907 / 689 / 178,Initiator,50.0,1.1,3.06,41 / 16 / 8,Controller,50.0,1.0,1.86,51 / 37 / 18,Sentinel,44.4,4.5,1.34,139 / 132 / 38,Vandal,Assault Rifles,29.0,65.0,5.0,751.0,Phantom,Assault Rifles,21.0,74.0,5.0,99.0,Classic,Sidearms,29.0,68.0,3.0,83.0,Bind,85.7,6.1,Split,71.4,5.2,Haven,62.5,5.3,Pearl,50.0,6.5,Abyss,44.4,4.5,Lotus,42.9,3.4,Fracture,37.5,3.5
9,i miss her#mcszy,ap,Bronze 1,1.0,,103.0,42.0,25.0,151.6,1.21,17.2,42.9,18.0,74.0,20.0,765.0,630.0,273.0,239.3,1.65,0.8,76.0,39.0,0.0,49.7,Sage,7.7,13.0,46.2,1.1,135.6,219.3,1.0,Lotus,60.0,Tejo,6.0,11.0,36.4,1.25,161.8,258.8,27.0,Haven,67.0,Gekko,3.5,6.0,66.7,1.52,182.2,279.3,56.0,Fracture,67.0,Initiator,44.0,11.14,1.77,478 / 365 / 169,Sentinel,50.0,7.7,1.5,228 / 208 / 84,Controller,0.0,0.1,0.83,10 / 18 / 5,Duelist,0.0,0.2,1.64,49 / 39 / 15,Vandal,Assault Rifles,23.0,72.0,6.0,353.0,Spectre,SMGs,20.0,73.0,6.0,150.0,Phantom,Assault Rifles,23.0,73.0,5.0,98.0,Lotus,62.5,5.3,Haven,57.1,4.3,Fracture,50.0,2.2,Split,42.9,3.4,Pearl,28.6,2.5,Bind,25.0,1.3,Abyss,20.0,1.4
10,6Oneft 77kg17cm#9077,ap,Iron 3,3.0,,126.0,29.0,16.0,131.5,0.88,16.0,41.4,12.0,67.2,5.0,399.0,453.0,166.0,200.9,1.25,0.7,58.0,13.0,0.0,47.9,Sage,4.9,8.0,62.5,0.93,108.6,170.2,19.0,Haven,100.0,Clove,2.1,4.0,75.0,0.89,146.8,227.1,2.0,Pearl,100.0,Reyna,1.6,3.0,33.3,0.78,122.4,179.5,12.0,Split,100.0,Initiator,25.0,1.3,1.19,62 / 72 / 24,Duelist,42.9,3.4,1.33,112 / 108 / 32,Controller,50.0,3.3,1.15,77 / 99 / 37,Sentinel,41.7,5.6,1.27,148 / 174 / 73,Phantom,Assault Rifles,17.0,72.0,11.0,151.0,Vandal,Assault Rifles,32.0,62.0,6.0,130.0,Spectre,SMGs,13.0,79.0,8.0,32.0,Pearl,100.0,3.0,Lotus,100.0,1.0,Split,60.0,3.2,Haven,50.0,3.3,Fracture,40.0,2.3,Abyss,0.0,0.5,Bind,0.0,0.3
11,FRICKYDICKY#lauda,ap,Silver 1,1.0,,141.0,103.0,60.0,167.3,1.12,21.9,55.3,57.0,68.8,26.0,1875.0,1673.0,470.0,251.6,1.4,0.9,359.0,72.0,8.0,51.8,Raze,30.0,51.0,51.0,1.21,184.5,274.9,44.0,Split,58.0,Omen,9.7,17.0,52.9,0.95,143.8,224.6,4.0,Fracture,53.0,Iso,6.2,11.0,90.9,1.34,175.9,267.1,41.0,Abyss,88.0,Controller,55.0,11.9,1.25,313 / 325 / 93,Sentinel,46.2,6.7,1.28,223 / 227 / 68,Duelist,56.3,36.26,1.47,"1,255 / 1,044 / 282",Initiator,66.7,4.2,1.44,84 / 77 / 27,Vandal,Assault Rifles,33.0,63.0,4.0,1237.0,Ghost,Sidearms,32.0,64.0,4.0,128.0,Classic,Sidearms,33.0,63.0,4.0,85.0,Abyss,76.9,10.3,Split,57.1,8.6,Fracture,55.6,10.8,Pearl,53.3,8.7,Lotus,53.3,8.7,Bind,50.0,6.5,Haven,43.8,7.8
12,BKL b4rk#arman,ap,Silver 1,1.0,,225.0,235.0,137.0,148.0,0.97,33.6,44.7,105.0,67.2,5.0,3726.0,3854.0,1070.0,217.4,1.24,0.8,657.0,104.0,1.0,48.9,Jett,39.0,67.0,41.8,0.95,149.6,221.2,3.0,Lotus,70.0,Omen,15.0,29.0,58.6,1.01,139.5,208.9,5.0,Pearl,80.0,Tejo,13.0,22.0,50.0,0.92,138.9,202.6,0.0,Abyss,75.0,Controller,58.3,21.14,1.35,535 / 535 / 187,Sentinel,36.6,15.26,1.2,648 / 676 / 163,Initiator,49.1,27.27,1.41,868 / 863 / 347,Duelist,40.8,42.6,1.15,"1,675 / 1,780 / 373",Vandal,Assault Rifles,48.0,49.0,3.0,1571.0,Guardian,Assault Rifles,55.0,43.0,2.0,774.0,Phantom,Assault Rifles,41.0,55.0,4.0,343.0,Haven,53.1,17.15,Fracture,51.3,20.19,Split,42.4,14.19,Bind,42.3,11.14,Pearl,42.1,16.21,Abyss,40.6,13.19,Lotus,40.0,14.2
13,BKL Auristic#prxmf,ap,Silver 2,2.0,,222.0,67.0,38.0,163.8,1.29,26.9,43.3,29.0,77.0,36.0,1214.0,943.0,423.0,249.5,1.74,0.9,107.0,32.0,2.0,48.9,Astra,14.0,23.0,26.1,1.35,174.0,262.7,44.0,Abyss,25.0,Omen,10.0,18.0,61.1,1.25,145.1,223.3,24.0,Haven,80.0,Brimstone,5.2,10.0,50.0,1.58,190.8,293.7,69.0,Fracture,50.0,Initiator,16.7,1.5,1.53,93 / 90 / 45,Controller,44.2,23.29,1.82,972 / 720 / 340,Duelist,55.6,5.3,1.41,149 / 133 / 38,,,,,,Vandal,Assault Rifles,33.0,64.0,3.0,481.0,Phantom,Assault Rifles,36.0,60.0,4.0,213.0,Ghost,Sidearms,42.0,55.0,3.0,150.0,Split,55.6,5.4,Bind,50.0,3.2,Haven,50.0,5.5,Fracture,45.5,5.6,Lotus,44.4,4.5,Abyss,38.5,5.8,Pearl,22.2,2.7
14,PRX fancy#smth,ap,,,,,,,,,,,,,,,,,,,,,,,,,,,,,,,,,,,,,,,,,,,,,,,,,,,,,,,,,,,,,,,,,,,,,,,,,,,,,,,,,,,,,,,,,,,,,,,,,,,,,,,,,,,,,,,,
15,MaHMeeDLmao#0069,ap,Unranked,,,82.0,5.0,3.0,111.9,0.81,22.9,40.0,2.0,64.2,19.0,63.0,78.0,26.0,166.9,1.14,0.6,5.0,5.0,0.0,50.9,Tejo,1.2,2.0,0.0,0.52,80.0,114.4,51.0,Abyss,0.0,Sage,1.3,2.0,50.0,0.94,118.3,185.3,16.0,Split,100.0,Yoru,0.4,1.0,100.0,1.21,172.6,246.3,48.0,Lotus,100.0,Initiator,0.0,0.2,0.7,17 / 33 / 6,Sentinel,50.0,1.1,1.48,29 / 31 / 17,Duelist,100.0,1.0,1.43,17 / 14 / 3,,,,,,Vandal,Assault Rifles,38.0,56.0,5.0,25.0,Spectre,SMGs,18.0,80.0,3.0,12.0,Ghost,Sidearms,58.0,42.0,0.0,11.0,Split,100.0,1.0,Lotus,100.0,1.0,Haven,0.0,0.1,Bind,0.0,0.1,Abyss,0.0,0.1,,,,,,
16,GamingBeast756#6402,ap,Silver 1,1.0,,109.0,46.0,26.0,160.2,1.02,14.4,52.2,24.0,70.2,6.0,780.0,766.0,266.0,240.6,1.37,0.8,136.0,26.0,3.0,51.2,Phoenix,19.0,34.0,61.8,1.11,168.6,255.3,3.0,Split,80.0,Chamber,2.4,4.0,25.0,0.94,140.2,218.0,2.0,Lotus,25.0,Tejo,1.6,3.0,66.7,0.83,134.7,192.0,3.0,Pearl,100.0,Duelist,53.8,21.17,1.39,675 / 649 / 226,Initiator,66.7,2.1,1.32,39 / 47 / 23,Sentinel,25.0,1.3,1.19,66 / 70 / 17,,,,,,Phantom,Assault Rifles,22.0,70.0,7.0,344.0,Vandal,Assault Rifles,24.0,70.0,6.0,131.0,Ghost,Sidearms,17.0,79.0,4.0,63.0,Split,80.0,4.1,Pearl,71.4,5.2,Haven,66.7,4.2,Bind,50.0,3.3,Fracture,42.9,3.4,Lotus,33.3,3.5,Abyss,33.3,2.4
17,FlipetYT#6514,ap,Silver 1,1.0,,177.0,130.0,74.0,124.3,0.92,15.5,50.8,66.0,70.7,7.0,1723.0,1880.0,708.0,189.6,1.29,0.6,167.0,93.0,0.0,50.4,Cypher,26.0,45.0,44.4,0.9,117.3,179.2,11.0,Split,50.0,Astra,15.0,26.0,57.7,1.05,137.3,214.9,6.0,Pearl,50.0,Tejo,11.0,20.0,55.0,0.89,119.7,187.0,15.0,Fracture,56.0,Controller,55.2,16.12,1.51,434 / 425 / 206,Sentinel,47.7,31.34,1.26,840 / 916 / 314,Initiator,50.0,13.13,1.25,333 / 385 / 148,Duelist,60.0,6.4,1.01,116 / 154 / 40,Vandal,Assault Rifles,22.0,70.0,8.0,505.0,Spectre,SMGs,22.0,73.0,5.0,352.0,Bulldog,Assault Rifles,21.0,71.0,8.0,263.0,Split,57.1,12.9,Pearl,52.9,9.8,Haven,52.9,9.7,Lotus,50.0,9.9,Bind,50.0,8.8,Abyss,47.1,8.9,Fracture,45.8,11.13
18,AbhiXD#demon,ap,Gold 3,3.0,,156.0,108.0,61.0,167.3,1.22,26.3,53.7,58.0,73.3,27.0,1923.0,1573.0,617.0,256.2,1.61,0.9,253.0,84.0,11.0,51.5,Reyna,15.0,27.0,59.3,1.44,182.7,285.1,40.0,Lotus,45.0,Clove,12.0,22.0,59.1,1.18,164.2,250.5,21.0,Pearl,80.0,Omen,12.0,22.0,45.5,1.2,165.9,256.1,28.0,Abyss,64.0,Controller,52.3,23.21,1.58,792 / 667 / 263,Duelist,56.8,21.16,1.67,729 / 530 / 158,Sentinel,56.3,9.7,1.6,243 / 229 / 124,Initiator,45.5,5.6,1.57,159 / 147 / 72,Vandal,Assault Rifles,35.0,63.0,2.0,1182.0,Phantom,Assault Rifles,31.0,64.0,5.0,260.0,Ghost,Sidearms,52.0,46.0,1.0,199.0,Split,80.0,12.3,Abyss,60.0,9.6,Haven,58.8,10.7,Pearl,53.3,8.7,Bind,50.0,7.7,Fracture,46.7,7.8,Lotus,29.4,5.12
19,Grandy#BOT,ap,Silver 1,1.0,,115.0,85.0,50.0,147.2,0.98,18.8,47.1,40.0,68.5,2.0,1348.0,1377.0,482.0,223.6,1.33,0.8,211.0,66.0,5.0,48.5,Clove,14.0,24.0,58.3,1.01,152.8,240.6,5.0,Bind,60.0,Reyna,11.0,20.0,50.0,0.96,146.4,220.7,1.0,Haven,80.0,Phoenix,5.6,9.0,44.4,1.05,150.8,232.4,10.0,Split,50.0,Duelist,45.5,20.24,1.33,696 / 696 / 229,Controller,58.3,14.1,1.39,424 / 418 / 156,Sentinel,40.0,4.5,1.28,147 / 166 / 65,Initiator,28.6,2.5,1.16,81 / 97 / 32,Vandal,Assault Rifles,26.0,69.0,5.0,613.0,Phantom,Assault Rifles,24.0,66.0,9.0,207.0,Ghost,Sidearms,34.0,62.0,4.0,144.0,Haven,64.3,9.5,Lotus,57.1,8.6,Split,50.0,7.6,Bind,42.9,6.8,Abyss,40.0,4.6,Pearl,33.3,3.6,Fracture,30.0,3.7
20,MasterxpertYT#2311,ap,Silver 3,3.0,,127.0,128.0,74.0,136.1,1.08,12.2,47.7,61.0,72.1,7.0,1925.0,1784.0,605.0,210.2,1.42,0.7,164.0,102.0,4.0,49.4,Cypher,29.0,51.0,52.9,1.15,135.2,207.3,14.0,Lotus,62.0,Chamber,12.0,21.0,47.6,1.13,135.6,207.4,11.0,Abyss,67.0,Harbor,8.7,15.0,26.7,0.93,125.3,195.4,11.0,Pearl,38.0,Sentinel,50.0,37.36,1.44,"1,103 / 984 / 315",Duelist,50.0,9.9,1.47,324 / 268 / 70,Initiator,53.3,8.7,1.45,198 / 207 / 103,Controller,33.3,7.14,1.28,300 / 325 / 117,Vandal,Assault Rifles,16.0,74.0,10.0,480.0,Phantom,Assault Rifles,18.0,74.0,9.0,370.0,Spectre,SMGs,14.0,78.0,8.0,196.0,Haven,71.4,15.6,Abyss,52.9,9.8,Lotus,52.9,9.7,Bind,45.0,9.11,Split,44.4,8.1,Pearl,38.1,8.13,Fracture,21.4,3.11
21,AES Matrix#0007,ap,Silver 2,2.0,,134.0,100.0,54.0,151.2,1.03,18.3,52.0,52.0,66.9,7.0,1656.0,1603.0,399.0,236.1,1.28,0.8,318.0,88.0,4.0,51.2,Neon,53.0,97.0,52.6,1.02,151.4,236.2,6.0,Abyss,79.0,Jett,0.3,1.0,100.0,1.7,203.6,339.5,58.0,Bind,100.0,Reyna,0.6,1.0,0.0,1.88,103.3,152.0,48.0,Haven,0.0,Duelist,52.5,52.47,1.28,"1,634 / 1,584 / 388",Controller,0.0,0.0,1.74,22 / 19 / 11,,,,,,,,,,,Vandal,Assault Rifles,27.0,67.0,6.0,787.0,Phantom,Assault Rifles,20.0,75.0,6.0,466.0,Classic,Sidearms,30.0,66.0,4.0,150.0,Abyss,78.6,11.3,Split,57.1,8.6,Haven,53.3,8.7,Lotus,50.0,7.7,Bind,46.7,7.8,Pearl,46.2,6.6,Fracture,33.3,5.1
22,Pythagoras#6999,ap,Bronze 3,3.0,,114.0,19.0,10.0,142.8,0.99,20.0,57.9,11.0,65.6,6.0,290.0,293.0,88.0,221.5,1.29,0.8,59.0,19.0,0.0,51.3,Reyna,2.9,6.0,50.0,0.97,157.6,239.9,5.0,Lotus,67.0,Chamber,1.9,4.0,50.0,1.32,155.3,240.6,42.0,Bind,67.0,Neon,2.4,4.0,100.0,1.1,145.0,229.0,7.0,Fracture,100.0,Duelist,72.7,8.3,1.31,179 / 175 / 50,Sentinel,40.0,2.3,1.41,70 / 64 / 20,Controller,33.3,1.2,1.09,41 / 54 / 18,,,,,,Vandal,Assault Rifles,31.0,66.0,3.0,87.0,Phantom,Assault Rifles,32.0,66.0,2.0,65.0,Sheriff,Sidearms,27.0,73.0,0.0,38.0,Haven,100.0,1.0,Fracture,100.0,2.0,Abyss,100.0,2.0,Bind,66.7,2.1,Lotus,60.0,3.2,Split,33.3,1.2,Pearl,0.0,0.3
23,BluePanda#NOOB,ap,Gold 1,1.0,,165.0,128.0,72.0,135.7,1.0,20.6,51.6,66.0,70.5,2.0,1820.0,1812.0,540.0,200.3,1.3,0.7,194.0,97.0,0.0,51.2,Tejo,27.0,46.0,56.5,0.89,120.9,174.4,7.0,Pearl,50.0,Yoru,15.0,27.0,48.1,1.16,155.6,229.5,21.0,Lotus,75.0,Cypher,14.0,27.0,51.9,0.9,122.8,182.9,15.0,Abyss,80.0,Duelist,52.8,19.17,1.5,632 / 509 / 134,Initiator,54.0,27.21,1.18,633 / 722 / 222,Sentinel,50.0,20.2,1.28,515 / 539 / 176,Controller,0.0,0.2,1.14,40 / 42 / 8,Vandal,Assault Rifles,28.0,68.0,4.0,949.0,Bulldog,Assault Rifles,29.0,68.0,3.0,232.0,Phantom,Assault Rifles,24.0,73.0,3.0,175.0,Haven,58.8,10.6,Abyss,55.6,10.8,Pearl,52.9,9.8,Split,52.4,11.9,Bind,50.0,9.9,Lotus,47.6,10.11,Fracture,43.8,7.9
24,UW BaNder#Toxic,ap,,,,,,,,,,,,,,,,,,,,,,,,,,,,,,,,,,,,,,,,,,,,,,,,,,,,,,,,,,,,,,,,,,,,,,,,,,,,,,,,,,,,,,,,,,,,,,,,,,,,,,,,,,,,,,,,
25,Booty Ka Devta#aahhh,ap,Bronze 1,1.0,,352.0,8.0,3.7,125.8,0.83,16.5,37.5,3.0,60.5,9.0,86.0,104.0,30.0,189.8,1.12,0.6,7.0,3.0,0.0,41.8,Skye,1.3,3.0,66.7,1.17,142.9,230.8,20.0,Haven,100.0,Sage,0.9,2.0,0.0,0.26,64.9,91.6,71.0,Abyss,0.0,Neon,0.4,1.0,0.0,0.47,102.7,157.9,61.0,Fracture,0.0,Initiator,66.7,2.1,1.6,41 / 35 / 15,Sentinel,0.0,0.2,0.56,7 / 27 / 8,Duelist,33.3,1.2,1.07,38 / 42 / 7,,,,,,Vandal,Assault Rifles,20.0,74.0,6.0,48.0,Phantom,Assault Rifles,21.0,72.0,7.0,10.0,Ghost,Sidearms,27.0,73.0,0.0,4.0,Haven,100.0,1.0,Lotus,50.0,1.1,Fracture,50.0,1.1,Pearl,0.0,0.1,Bind,0.0,0.1,Abyss,0.0,0.1,,,
26,Sir Magnum#grave,ap,Silver 1,1.0,,203.0,127.0,75.0,124.6,0.93,13.3,49.6,63.0,68.9,2.0,1755.0,1882.0,643.0,190.4,1.27,0.7,215.0,84.0,1.0,50.0,Omen,18.0,32.0,40.6,1.0,128.3,195.5,3.0,Bind,71.0,Tejo,17.0,30.0,56.7,1.01,125.1,192.7,6.0,Lotus,57.0,Reyna,9.5,16.0,56.2,0.86,128.6,190.0,7.0,Split,67.0,Sentinel,38.1,8.13,1.18,265 / 323 / 117,Initiator,59.5,22.14,1.32,505 / 524 / 185,Duelist,54.3,19.15,1.25,506 / 542 / 173,Controller,41.2,14.2,1.31,479 / 493 / 168,Phantom,Assault Rifles,18.0,71.0,11.0,594.0,Vandal,Assault Rifles,24.0,70.0,6.0,219.0,Operator,Sniper Rifles,16.0,83.0,1.0,208.0,Bind,64.7,11.6,Fracture,57.9,11.8,Abyss,57.9,11.7,Haven,47.1,8.9,Pearl,45.0,9.11,Split,40.0,6.9,Lotus,35.0,7.12
27,zeUSpapa09#HUSN,ap,,,,,,,,,,,,,,,,,,,,,,,,,,,,,,,,,,,,,,,,,,,,,,,,,,,,,,,,,,,,,,,,,,,,,,,,,,,,,,,,,,,,,,,,,,,,,,,,,,,,,,,,,,,,,,,,
28,KuminSocks#lol,ap,Iron 3,3.0,,182.0,20.0,11.0,138.5,0.96,16.2,40.0,8.0,68.1,6.0,322.0,334.0,95.0,216.2,1.25,0.7,49.0,14.0,2.0,49.5,Sage,2.4,5.0,20.0,0.8,115.1,185.7,39.0,Bind,0.0,Raze,2.6,5.0,80.0,1.25,177.9,274.7,39.0,Bind,100.0,Reyna,2.8,4.0,50.0,1.08,167.2,254.4,13.0,Split,100.0,Initiator,0.0,0.3,1.03,40 / 65 / 27,Sentinel,20.0,1.4,1.04,59 / 74 / 18,Duelist,60.0,6.3,1.39,208 / 180 / 42,Controller,100.0,1.0,1.53,15 / 15 / 8,Vandal,Assault Rifles,21.0,72.0,7.0,143.0,Phantom,Assault Rifles,16.0,77.0,7.0,44.0,Odin,Heavy Weapons,13.0,74.0,13.0,35.0,Haven,66.7,2.0,Lotus,66.7,2.1,Abyss,66.7,2.1,Split,33.3,1.1,Bind,25.0,1.3,Pearl,0.0,0.2,Fracture,0.0,0.2
29,Valiant#Mind,ap,Gold 1,1.0,,256.0,103.0,60.0,149.7,1.13,25.3,40.8,42.0,71.6,14.0,1773.0,1569.0,511.0,228.0,1.46,0.8,191.0,82.0,4.0,47.8,Omen,15.0,26.0,34.6,1.07,143.2,218.6,11.0,Fracture,50.0,Reyna,9.5,17.0,41.2,1.23,169.1,259.5,22.0,Lotus,50.0,Cypher,9.6,16.0,43.8,1.15,144.9,216.7,18.0,Pearl,83.0,Initiator,25.0,5.15,1.39,331 / 318 / 111,Duelist,50.0,12.12,1.54,469 / 369 / 99,Sentinel,44.8,13.15,1.38,457 / 427 / 132,Controller,40.0,12.18,1.51,516 / 455 / 169,Vandal,Assault Rifles,38.0,59.0,3.0,1237.0,Classic,Sidearms,30.0,65.0,4.0,110.0,Spectre,SMGs,21.0,77.0,3.0,99.0,Pearl,78.6,11.2,Lotus,38.9,7.11,Haven,38.5,5.8,Fracture,37.5,6.1,Bind,33.3,5.1,Split,30.8,4.9,Abyss,28.6,4.1
0,LiQuid#khan,ap,Silver 1,1.0,,177.0,12.0,7.3,158.0,1.04,19.1,50.0,6.0,68.7,11.0,214.0,205.0,77.0,238.5,1.42,0.8,31.0,7.0,0.0,46.4,Sage,4.5,7.0,71.4,0.98,150.8,221.4,5.0,Split,100.0,Breach,2.2,4.0,25.0,1.03,158.1,244.0,9.0,Haven,50.0,Reyna,0.6,1.0,0.0,1.67,217.3,358.4,67.0,Bind,0.0,Sentinel,71.4,5.2,1.43,123 / 126 / 57,Duelist,0.0,0.1,1.93,25 / 15 / 4,Initiator,25.0,1.3,1.28,66 / 64 / 16,,,,,,Vandal,Assault Rifles,31.0,63.0,5.0,126.0,Ghost,Sidearms,20.0,76.0,4.0,22.0,Bulldog,Assault Rifles,21.0,77.0,2.0,17.0,Split,100.0,2.0,Pearl,100.0,1.0,Lotus,66.7,2.1,Haven,33.3,1.2,Fracture,0.0,0.2,Bind,0.0,0.1,,,
1,AnrixXD#696,ap,Bronze 1,1.0,,59.0,104.0,59.0,121.3,0.86,19.0,42.3,44.0,66.0,13.0,1333.0,1549.0,408.0,182.8,1.12,0.6,176.0,76.0,0.0,46.7,Reyna,37.0,64.0,40.6,0.84,121.5,183.0,18.0,Split,50.0,Jett,7.8,15.0,53.3,1.26,170.6,263.3,41.0,Lotus,67.0,Cypher,3.9,7.0,57.1,1.01,99.6,150.0,6.0,Bind,25.0,Duelist,42.2,35.48,1.14,"1,139 / 1,272 / 315",Controller,50.0,4.4,1.05,72 / 112 / 46,Sentinel,50.0,5.5,1.16,98 / 116 / 37,Initiator,0.0,0.3,0.69,24 / 49 / 10,Vandal,Assault Rifles,26.0,66.0,8.0,828.0,Phantom,Assault Rifles,24.0,69.0,8.0,129.0,Ghost,Sidearms,28.0,66.0,6.0,95.0,Split,56.2,9.7,Lotus,46.7,7.8,Fracture,44.4,8.1,Pearl,42.9,6.8,Abyss,41.7,5.7,Bind,33.3,5.1,Haven,28.6,4.1
2,Albatross#1764,ap,Silver 1,1.0,,59.0,28.0,16.0,180.3,1.41,25.0,67.9,19.0,78.0,43.0,589.0,418.0,139.0,278.3,1.74,1.0,72.0,25.0,2.0,53.2,Gekko,7.1,12.0,83.3,1.36,166.3,263.0,29.0,Bind,100.0,Cypher,2.7,5.0,80.0,1.68,182.4,281.0,62.0,Pearl,100.0,Omen,2.4,4.0,25.0,1.1,169.4,252.6,22.0,Haven,50.0,Controller,25.0,1.3,1.5,75 / 68 / 27,Initiator,83.3,10.2,1.67,238 / 175 / 55,Duelist,50.0,3.3,1.76,149 / 101 / 29,Sentinel,83.3,5.1,2.09,127 / 74 / 28,Vandal,Assault Rifles,34.0,62.0,4.0,479.0,Classic,Sidearms,36.0,62.0,1.0,30.0,Spectre,SMGs,31.0,64.0,5.0,20.0,Abyss,100.0,2.0,Pearl,100.0,5.0,Bind,80.0,4.1,Fracture,66.7,2.1,Split,50.0,3.3,Haven,50.0,1.1,Lotus,40.0,2.3
3,KurKureNuNu#nunu,ap,Bronze 1,1.0,,193.0,10.0,5.8,182.3,1.44,32.3,30.0,3.0,68.3,49.0,197.0,137.0,33.0,281.1,1.68,1.0,26.0,4.0,3.0,42.7,Yoru,1.4,3.0,33.3,0.69,102.9,163.1,46.0,Fracture,100.0,Omen,2.0,3.0,0.0,2.0,212.1,316.6,106.0,Lotus,0.0,Sova,0.4,1.0,0.0,0.71,163.8,243.7,7.0,Haven,0.0,Initiator,50.0,1.1,1.55,25 / 20 / 6,Duelist,50.0,2.2,1.33,65 / 58 / 12,Controller,0.0,0.3,2.24,76 / 38 / 9,Sentinel,0.0,0.1,1.76,31 / 21 / 6,Vandal,Assault Rifles,39.0,55.0,5.0,150.0,Classic,Sidearms,25.0,71.0,4.0,11.0,Phantom,Assault Rifles,30.0,52.0,19.0,10.0,Bind,100.0,1.0,Lotus,50.0,1.1,Fracture,50.0,1.1,Split,0.0,0.1,Haven,0.0,0.1,Abyss,0.0,0.2,Pearl,0.0,0.1
4,Eclipse#VeXoR,ap,Silver 2,2.0,,146.0,24.0,13.0,151.8,1.05,31.4,45.8,11.0,66.3,10.0,391.0,374.0,111.0,228.6,1.34,0.8,49.0,19.0,2.0,47.5,Reyna,3.6,6.0,83.3,2.0,257.6,393.6,106.0,Fracture,100.0,Skye,3.2,6.0,50.0,0.82,117.8,179.5,20.0,Lotus,100.0,Omen,2.2,4.0,25.0,0.62,100.3,141.6,35.0,Abyss,0.0,Duelist,60.0,6.4,1.82,241 / 157 / 44,Initiator,57.1,4.3,1.14,86 / 112 / 42,Controller,16.7,1.5,0.84,54 / 90 / 22,Sentinel,0.0,0.1,0.87,10 / 15 / 3,Vandal,Assault Rifles,60.0,39.0,2.0,216.0,Odin,Heavy Weapons,13.0,81.0,6.0,46.0,Phantom,Assault Rifles,31.0,63.0,6.0,39.0,Haven,100.0,4.0,Fracture,60.0,3.2,Bind,50.0,1.1,Split,33.3,1.2,Abyss,25.0,1.3,Lotus,25.0,1.3,Pearl,0.0,0.2
